{
  "type": "FeatureCollection",
  "features": [
    {
      "type": "Feature",
      "geometry": {
        "type": "LineString",
        "coordinates": [
          [
            -95.4034728,
            29.686241100000004
          ],
          [
            -95.40367938116968,
            29.68624114557659
          ]
        ]
      },
      "properties": {
        "id": "metrorail_stadium_park_astrodome_platform_path_0",
        "name": "METRORail Stadium Park / Astrodome platform access path",
        "len_m": 20.0,
        "approach": "metrorail_stadium_park",
        "degmin": {
          "10": 0.988,
          "11": 1.159,
          "12": 1.269,
          "13": 1.948,
          "14": 1.964,
          "15": 1.671,
          "16": 1.365,
          "17": 0.95,
          "18": 0.639,
          "19": 0.138,
          "20": 0.0,
          "21": 0.0
        },
        "degmin_lo": {
          "10": 0.521,
          "11": 0.698,
          "12": 0.82,
          "13": 1.422,
          "14": 1.436,
          "15": 1.173,
          "16": 0.896,
          "17": 0.509,
          "18": 0.225,
          "19": 0.0,
          "20": 0.0,
          "21": 0.0
        },
        "degmin_hi": {
          "10": 1.415,
          "11": 1.606,
          "12": 1.733,
          "13": 2.254,
          "14": 2.249,
          "15": 2.139,
          "16": 1.812,
          "17": 1.356,
          "18": 1.011,
          "19": 0.467,
          "20": 0.0,
          "21": 0.0
        },
        "wbgt": {
          "10": 31.85,
          "11": 32.52,
          "12": 32.95,
          "13": 35.6,
          "14": 35.66,
          "15": 34.52,
          "16": 33.32,
          "17": 31.7,
          "18": 30.49,
          "19": 28.54,
          "20": 26.4,
          "21": 25.93
        },
        "shade_frac": {
          "10": 0.0,
          "11": 0.0,
          "12": 0.0,
          "13": 0.0,
          "14": 0.0,
          "15": 0.0,
          "16": 0.0,
          "17": 0.0,
          "18": 0.0,
          "19": 0.0,
          "20": 1.0,
          "21": 1.0
        },
        "fans": 7222,
        "svi": 0.2809,
        "canopy_pct": 0.0,
        "treatable": [
          "awning",
          "sail",
          "tree"
        ]
      }
    },
    {
      "type": "Feature",
      "geometry": {
        "type": "LineString",
        "coordinates": [
          [
            -95.40367938116968,
            29.68624114557659
          ],
          [
            -95.40388596231585,
            29.68624119083065
          ]
        ]
      },
      "properties": {
        "id": "metrorail_stadium_park_astrodome_platform_path_1",
        "name": "METRORail Stadium Park / Astrodome platform access path",
        "len_m": 20.0,
        "approach": "metrorail_stadium_park",
        "degmin": {
          "10": 1.002,
          "11": 1.173,
          "12": 1.283,
          "13": 1.962,
          "14": 1.977,
          "15": 1.684,
          "16": 1.379,
          "17": 0.964,
          "18": 0.653,
          "19": 0.153,
          "20": 0.0,
          "21": 0.0
        },
        "degmin_lo": {
          "10": 0.535,
          "11": 0.712,
          "12": 0.834,
          "13": 1.436,
          "14": 1.45,
          "15": 1.187,
          "16": 0.91,
          "17": 0.524,
          "18": 0.239,
          "19": 0.0,
          "20": 0.0,
          "21": 0.0
        },
        "degmin_hi": {
          "10": 1.429,
          "11": 1.62,
          "12": 1.747,
          "13": 2.267,
          "14": 2.262,
          "15": 2.152,
          "16": 1.825,
          "17": 1.369,
          "18": 1.024,
          "19": 0.481,
          "20": 0.0,
          "21": 0.0
        },
        "wbgt": {
          "10": 31.91,
          "11": 32.57,
          "12": 33.0,
          "13": 35.65,
          "14": 35.71,
          "15": 34.57,
          "16": 33.38,
          "17": 31.76,
          "18": 30.55,
          "19": 28.6,
          "20": 26.46,
          "21": 25.99
        },
        "shade_frac": {
          "10": 0.0,
          "11": 0.0,
          "12": 0.0,
          "13": 0.0,
          "14": 0.0,
          "15": 0.0,
          "16": 0.0,
          "17": 0.0,
          "18": 0.0,
          "19": 0.0,
          "20": 1.0,
          "21": 1.0
        },
        "fans": 7222,
        "svi": 0.2809,
        "canopy_pct": 0.0,
        "treatable": [
          "awning",
          "sail",
          "tree"
        ]
      }
    },
    {
      "type": "Feature",
      "geometry": {
        "type": "LineString",
        "coordinates": [
          [
            -95.40388596231585,
            29.68624119083065
          ],
          [
            -95.403928,
            29.6862412
          ],
          [
            -95.4039824,
            29.686257
          ],
          [
            -95.40408416870085,
            29.686286452465946
          ]
        ]
      },
      "properties": {
        "id": "metrorail_stadium_park_astrodome_platform_path_2",
        "name": "METRORail Stadium Park / Astrodome platform access path",
        "len_m": 20.0,
        "approach": "metrorail_stadium_park",
        "degmin": {
          "10": 1.02,
          "11": 1.191,
          "12": 1.302,
          "13": 1.98,
          "14": 1.995,
          "15": 1.703,
          "16": 1.397,
          "17": 0.982,
          "18": 0.672,
          "19": 0.172,
          "20": 0.0,
          "21": 0.0
        },
        "degmin_lo": {
          "10": 0.554,
          "11": 0.731,
          "12": 0.853,
          "13": 1.455,
          "14": 1.469,
          "15": 1.206,
          "16": 0.929,
          "17": 0.543,
          "18": 0.258,
          "19": 0.0,
          "20": 0.0,
          "21": 0.0
        },
        "degmin_hi": {
          "10": 1.447,
          "11": 1.638,
          "12": 1.765,
          "13": 2.285,
          "14": 2.28,
          "15": 2.17,
          "16": 1.843,
          "17": 1.388,
          "18": 1.043,
          "19": 0.5,
          "20": 0.0,
          "21": 0.0
        },
        "wbgt": {
          "10": 31.98,
          "11": 32.65,
          "12": 33.08,
          "13": 35.72,
          "14": 35.78,
          "15": 34.64,
          "16": 33.45,
          "17": 31.83,
          "18": 30.62,
          "19": 28.67,
          "20": 26.54,
          "21": 26.06
        },
        "shade_frac": {
          "10": 0.0,
          "11": 0.0,
          "12": 0.0,
          "13": 0.0,
          "14": 0.0,
          "15": 0.0,
          "16": 0.0,
          "17": 0.0,
          "18": 0.0,
          "19": 0.0,
          "20": 1.0,
          "21": 1.0
        },
        "fans": 7222,
        "svi": 0.2809,
        "canopy_pct": 0.0,
        "treatable": [
          "awning",
          "sail",
          "tree"
        ]
      }
    },
    {
      "type": "Feature",
      "geometry": {
        "type": "LineString",
        "coordinates": [
          [
            -95.40408416870085,
            29.686286452465946
          ],
          [
            -95.4041372,
            29.6863018
          ],
          [
            -95.40428789289155,
            29.68629965267757
          ]
        ]
      },
      "properties": {
        "id": "metrorail_stadium_park_astrodome_platform_path_3",
        "name": "METRORail Stadium Park / Astrodome platform access path",
        "len_m": 20.0,
        "approach": "metrorail_stadium_park",
        "degmin": {
          "10": 1.042,
          "11": 1.213,
          "12": 1.323,
          "13": 2.001,
          "14": 2.017,
          "15": 1.724,
          "16": 1.419,
          "17": 1.004,
          "18": 0.695,
          "19": 0.195,
          "20": 0.0,
          "21": 0.0
        },
        "degmin_lo": {
          "10": 0.576,
          "11": 0.753,
          "12": 0.875,
          "13": 1.477,
          "14": 1.491,
          "15": 1.228,
          "16": 0.951,
          "17": 0.565,
          "18": 0.281,
          "19": 0.0,
          "20": 0.0,
          "21": 0.0
        },
        "degmin_hi": {
          "10": 1.468,
          "11": 1.659,
          "12": 1.786,
          "13": 2.306,
          "14": 2.301,
          "15": 2.191,
          "16": 1.864,
          "17": 1.409,
          "18": 1.065,
          "19": 0.522,
          "20": 0.0,
          "21": 0.0
        },
        "wbgt": {
          "10": 32.06,
          "11": 32.73,
          "12": 33.16,
          "13": 35.8,
          "14": 35.87,
          "15": 34.72,
          "16": 33.53,
          "17": 31.92,
          "18": 30.71,
          "19": 28.76,
          "20": 26.63,
          "21": 26.16
        },
        "shade_frac": {
          "10": 0.0,
          "11": 0.0,
          "12": 0.0,
          "13": 0.0,
          "14": 0.0,
          "15": 0.0,
          "16": 0.0,
          "17": 0.0,
          "18": 0.0,
          "19": 0.0,
          "20": 1.0,
          "21": 1.0
        },
        "fans": 7222,
        "svi": 0.2809,
        "canopy_pct": 0.0,
        "treatable": [
          "awning",
          "sail",
          "tree"
        ]
      }
    },
    {
      "type": "Feature",
      "geometry": {
        "type": "LineString",
        "coordinates": [
          [
            -95.40428789289155,
            29.68629965267757
          ],
          [
            -95.40446,
            29.686297200000002
          ],
          [
            -95.40449444979433,
            29.686296931126602
          ]
        ]
      },
      "properties": {
        "id": "metrorail_stadium_park_astrodome_platform_path_4",
        "name": "METRORail Stadium Park / Astrodome platform access path",
        "len_m": 20.0,
        "approach": "metrorail_stadium_park",
        "degmin": {
          "10": 1.056,
          "11": 1.227,
          "12": 1.337,
          "13": 2.015,
          "14": 2.031,
          "15": 1.738,
          "16": 1.433,
          "17": 1.019,
          "18": 0.709,
          "19": 0.209,
          "20": 0.0,
          "21": 0.0
        },
        "degmin_lo": {
          "10": 0.591,
          "11": 0.768,
          "12": 0.889,
          "13": 1.491,
          "14": 1.505,
          "15": 1.242,
          "16": 0.965,
          "17": 0.58,
          "18": 0.296,
          "19": 0.0,
          "20": 0.0,
          "21": 0.0
        },
        "degmin_hi": {
          "10": 1.482,
          "11": 1.673,
          "12": 1.799,
          "13": 2.319,
          "14": 2.314,
          "15": 2.204,
          "16": 1.878,
          "17": 1.423,
          "18": 1.079,
          "19": 0.536,
          "20": 0.0,
          "21": 0.0
        },
        "wbgt": {
          "10": 32.12,
          "11": 32.79,
          "12": 33.22,
          "13": 35.86,
          "14": 35.92,
          "15": 34.78,
          "16": 33.59,
          "17": 31.97,
          "18": 30.77,
          "19": 28.82,
          "20": 26.68,
          "21": 26.21
        },
        "shade_frac": {
          "10": 0.0,
          "11": 0.0,
          "12": 0.0,
          "13": 0.0,
          "14": 0.0,
          "15": 0.0,
          "16": 0.0,
          "17": 0.0,
          "18": 0.0,
          "19": 0.0,
          "20": 1.0,
          "21": 1.0
        },
        "fans": 7222,
        "svi": 0.2809,
        "canopy_pct": 0.0,
        "treatable": [
          "awning",
          "sail",
          "tree"
        ]
      }
    },
    {
      "type": "Feature",
      "geometry": {
        "type": "LineString",
        "coordinates": [
          [
            -95.40449444979433,
            29.686296931126602
          ],
          [
            -95.40470102271203,
            29.68629531868042
          ]
        ]
      },
      "properties": {
        "id": "metrorail_stadium_park_astrodome_platform_path_5",
        "name": "METRORail Stadium Park / Astrodome platform access path",
        "len_m": 20.0,
        "approach": "metrorail_stadium_park",
        "degmin": {
          "10": 1.067,
          "11": 1.238,
          "12": 1.348,
          "13": 2.026,
          "14": 2.041,
          "15": 1.749,
          "16": 1.443,
          "17": 1.029,
          "18": 0.72,
          "19": 0.22,
          "20": 0.0,
          "21": 0.0
        },
        "degmin_lo": {
          "10": 0.601,
          "11": 0.779,
          "12": 0.9,
          "13": 1.502,
          "14": 1.515,
          "15": 1.253,
          "16": 0.976,
          "17": 0.591,
          "18": 0.307,
          "19": 0.0,
          "20": 0.0,
          "21": 0.0
        },
        "degmin_hi": {
          "10": 1.493,
          "11": 1.684,
          "12": 1.81,
          "13": 2.329,
          "14": 2.324,
          "15": 2.215,
          "16": 1.888,
          "17": 1.434,
          "18": 1.09,
          "19": 0.547,
          "20": 0.0,
          "21": 0.0
        },
        "wbgt": {
          "10": 32.16,
          "11": 32.83,
          "12": 33.26,
          "13": 35.9,
          "14": 35.96,
          "15": 34.82,
          "16": 33.63,
          "17": 32.01,
          "18": 30.81,
          "19": 28.86,
          "20": 26.73,
          "21": 26.26
        },
        "shade_frac": {
          "10": 0.0,
          "11": 0.0,
          "12": 0.0,
          "13": 0.0,
          "14": 0.0,
          "15": 0.0,
          "16": 0.0,
          "17": 0.0,
          "18": 0.0,
          "19": 0.0,
          "20": 1.0,
          "21": 1.0
        },
        "fans": 7222,
        "svi": 0.2809,
        "canopy_pct": 0.0,
        "treatable": [
          "awning",
          "sail",
          "tree"
        ]
      }
    },
    {
      "type": "Feature",
      "geometry": {
        "type": "LineString",
        "coordinates": [
          [
            -95.40470102271203,
            29.68629531868042
          ],
          [
            -95.40490759559941,
            29.686293705912103
          ]
        ]
      },
      "properties": {
        "id": "metrorail_stadium_park_astrodome_platform_path_6",
        "name": "METRORail Stadium Park / Astrodome platform access path",
        "len_m": 20.0,
        "approach": "metrorail_stadium_park",
        "degmin": {
          "10": 1.076,
          "11": 1.247,
          "12": 1.357,
          "13": 2.035,
          "14": 2.05,
          "15": 1.758,
          "16": 1.452,
          "17": 1.039,
          "18": 0.73,
          "19": 0.23,
          "20": 0.0,
          "21": 0.0
        },
        "degmin_lo": {
          "10": 0.611,
          "11": 0.788,
          "12": 0.909,
          "13": 1.511,
          "14": 1.525,
          "15": 1.262,
          "16": 0.986,
          "17": 0.6,
          "18": 0.317,
          "19": 0.0,
          "20": 0.0,
          "21": 0.0
        },
        "degmin_hi": {
          "10": 1.502,
          "11": 1.693,
          "12": 1.819,
          "13": 2.338,
          "14": 2.333,
          "15": 2.224,
          "16": 1.897,
          "17": 1.443,
          "18": 1.099,
          "19": 0.557,
          "20": 0.0,
          "21": 0.0
        },
        "wbgt": {
          "10": 32.2,
          "11": 32.86,
          "12": 33.29,
          "13": 35.94,
          "14": 36.0,
          "15": 34.86,
          "16": 33.66,
          "17": 32.05,
          "18": 30.85,
          "19": 28.9,
          "20": 26.77,
          "21": 26.3
        },
        "shade_frac": {
          "10": 0.0,
          "11": 0.0,
          "12": 0.0,
          "13": 0.0,
          "14": 0.0,
          "15": 0.0,
          "16": 0.0,
          "17": 0.0,
          "18": 0.0,
          "19": 0.0,
          "20": 1.0,
          "21": 1.0
        },
        "fans": 7222,
        "svi": 0.2809,
        "canopy_pct": 0.0,
        "treatable": [
          "awning",
          "sail",
          "tree"
        ]
      }
    },
    {
      "type": "Feature",
      "geometry": {
        "type": "LineString",
        "coordinates": [
          [
            -95.40490759559941,
            29.686293705912103
          ],
          [
            -95.404998,
            29.686292999999996
          ],
          [
            -95.40511416830954,
            29.68629207858985
          ]
        ]
      },
      "properties": {
        "id": "metrorail_stadium_park_astrodome_platform_path_7",
        "name": "METRORail Stadium Park / Astrodome platform access path",
        "len_m": 20.0,
        "approach": "metrorail_stadium_park",
        "degmin": {
          "10": 1.081,
          "11": 1.252,
          "12": 1.361,
          "13": 2.039,
          "14": 2.055,
          "15": 1.763,
          "16": 1.457,
          "17": 1.044,
          "18": 0.734,
          "19": 0.235,
          "20": 0.0,
          "21": 0.0
        },
        "degmin_lo": {
          "10": 0.616,
          "11": 0.793,
          "12": 0.914,
          "13": 1.516,
          "14": 1.529,
          "15": 1.267,
          "16": 0.99,
          "17": 0.605,
          "18": 0.322,
          "19": 0.0,
          "20": 0.0,
          "21": 0.0
        },
        "degmin_hi": {
          "10": 1.506,
          "11": 1.697,
          "12": 1.823,
          "13": 2.342,
          "14": 2.337,
          "15": 2.228,
          "16": 1.902,
          "17": 1.447,
          "18": 1.104,
          "19": 0.561,
          "20": 0.0,
          "21": 0.0
        },
        "wbgt": {
          "10": 32.22,
          "11": 32.88,
          "12": 33.31,
          "13": 35.95,
          "14": 36.01,
          "15": 34.87,
          "16": 33.68,
          "17": 32.07,
          "18": 30.86,
          "19": 28.92,
          "20": 26.79,
          "21": 26.32
        },
        "shade_frac": {
          "10": 0.0,
          "11": 0.0,
          "12": 0.0,
          "13": 0.0,
          "14": 0.0,
          "15": 0.0,
          "16": 0.0,
          "17": 0.0,
          "18": 0.0,
          "19": 0.0,
          "20": 1.0,
          "21": 1.0
        },
        "fans": 7222,
        "svi": 0.2809,
        "canopy_pct": 0.0,
        "treatable": [
          "awning",
          "sail",
          "tree"
        ]
      }
    },
    {
      "type": "Feature",
      "geometry": {
        "type": "LineString",
        "coordinates": [
          [
            -95.40511416830954,
            29.68629207858985
          ],
          [
            -95.40532074087493,
            29.686290439870017
          ]
        ]
      },
      "properties": {
        "id": "metrorail_stadium_park_astrodome_platform_path_8",
        "name": "METRORail Stadium Park / Astrodome platform access path",
        "len_m": 20.0,
        "approach": "metrorail_stadium_park",
        "degmin": {
          "10": 1.083,
          "11": 1.254,
          "12": 1.363,
          "13": 2.042,
          "14": 2.057,
          "15": 1.765,
          "16": 1.459,
          "17": 1.046,
          "18": 0.737,
          "19": 0.237,
          "20": 0.0,
          "21": 0.0
        },
        "degmin_lo": {
          "10": 0.618,
          "11": 0.795,
          "12": 0.916,
          "13": 1.518,
          "14": 1.532,
          "15": 1.269,
          "16": 0.992,
          "17": 0.607,
          "18": 0.324,
          "19": 0.0,
          "20": 0.0,
          "21": 0.0
        },
        "degmin_hi": {
          "10": 1.508,
          "11": 1.7,
          "12": 1.825,
          "13": 2.344,
          "14": 2.339,
          "15": 2.23,
          "16": 1.904,
          "17": 1.45,
          "18": 1.106,
          "19": 0.563,
          "20": 0.0,
          "21": 0.0
        },
        "wbgt": {
          "10": 32.22,
          "11": 32.89,
          "12": 33.32,
          "13": 35.96,
          "14": 36.02,
          "15": 34.88,
          "16": 33.69,
          "17": 32.08,
          "18": 30.87,
          "19": 28.92,
          "20": 26.79,
          "21": 26.33
        },
        "shade_frac": {
          "10": 0.0,
          "11": 0.0,
          "12": 0.0,
          "13": 0.0,
          "14": 0.0,
          "15": 0.0,
          "16": 0.0,
          "17": 0.0,
          "18": 0.0,
          "19": 0.0,
          "20": 1.0,
          "21": 1.0
        },
        "fans": 7222,
        "svi": 0.2809,
        "canopy_pct": 0.0,
        "treatable": [
          "awning",
          "sail",
          "tree"
        ]
      }
    },
    {
      "type": "Feature",
      "geometry": {
        "type": "LineString",
        "coordinates": [
          [
            -95.40532074087493,
            29.686290439870017
          ],
          [
            -95.4054392,
            29.6862895
          ],
          [
            -95.40552731346983,
            29.68628880661193
          ]
        ]
      },
      "properties": {
        "id": "metrorail_stadium_park_astrodome_platform_path_9",
        "name": "METRORail Stadium Park / Astrodome platform access path",
        "len_m": 20.0,
        "approach": "metrorail_stadium_park",
        "degmin": {
          "10": 1.083,
          "11": 1.254,
          "12": 1.363,
          "13": 2.041,
          "14": 2.057,
          "15": 1.764,
          "16": 1.458,
          "17": 1.045,
          "18": 0.736,
          "19": 0.237,
          "20": 0.0,
          "21": 0.0
        },
        "degmin_lo": {
          "10": 0.618,
          "11": 0.795,
          "12": 0.915,
          "13": 1.518,
          "14": 1.531,
          "15": 1.269,
          "16": 0.992,
          "17": 0.607,
          "18": 0.324,
          "19": 0.0,
          "20": 0.0,
          "21": 0.0
        },
        "degmin_hi": {
          "10": 1.508,
          "11": 1.699,
          "12": 1.825,
          "13": 2.344,
          "14": 2.339,
          "15": 2.23,
          "16": 1.903,
          "17": 1.449,
          "18": 1.106,
          "19": 0.563,
          "20": 0.0,
          "21": 0.0
        },
        "wbgt": {
          "10": 32.22,
          "11": 32.89,
          "12": 33.32,
          "13": 35.96,
          "14": 36.02,
          "15": 34.88,
          "16": 33.69,
          "17": 32.08,
          "18": 30.87,
          "19": 28.92,
          "20": 26.79,
          "21": 26.33
        },
        "shade_frac": {
          "10": 0.0,
          "11": 0.0,
          "12": 0.0,
          "13": 0.0,
          "14": 0.0,
          "15": 0.0,
          "16": 0.0,
          "17": 0.0,
          "18": 0.0,
          "19": 0.0,
          "20": 1.0,
          "21": 1.0
        },
        "fans": 7222,
        "svi": 0.2809,
        "canopy_pct": 0.0,
        "treatable": [
          "awning",
          "sail",
          "tree"
        ]
      }
    },
    {
      "type": "Feature",
      "geometry": {
        "type": "LineString",
        "coordinates": [
          [
            -95.40552731346983,
            29.68628880661193
          ],
          [
            -95.40573388611496,
            29.686287180807497
          ]
        ]
      },
      "properties": {
        "id": "metrorail_stadium_park_astrodome_platform_path_10",
        "name": "METRORail Stadium Park / Astrodome platform access path",
        "len_m": 20.0,
        "approach": "metrorail_stadium_park",
        "degmin": {
          "10": 1.081,
          "11": 1.253,
          "12": 1.362,
          "13": 2.04,
          "14": 2.056,
          "15": 1.763,
          "16": 1.457,
          "17": 1.044,
          "18": 0.735,
          "19": 0.235,
          "20": 0.0,
          "21": 0.0
        },
        "degmin_lo": {
          "10": 0.616,
          "11": 0.794,
          "12": 0.914,
          "13": 1.516,
          "14": 1.53,
          "15": 1.267,
          "16": 0.991,
          "17": 0.606,
          "18": 0.322,
          "19": 0.0,
          "20": 0.0,
          "21": 0.0
        },
        "degmin_hi": {
          "10": 1.507,
          "11": 1.698,
          "12": 1.823,
          "13": 2.342,
          "14": 2.337,
          "15": 2.229,
          "16": 1.902,
          "17": 1.448,
          "18": 1.105,
          "19": 0.562,
          "20": 0.0,
          "21": 0.0
        },
        "wbgt": {
          "10": 32.22,
          "11": 32.89,
          "12": 33.31,
          "13": 35.96,
          "14": 36.02,
          "15": 34.88,
          "16": 33.68,
          "17": 32.07,
          "18": 30.87,
          "19": 28.92,
          "20": 26.79,
          "21": 26.32
        },
        "shade_frac": {
          "10": 0.0,
          "11": 0.0,
          "12": 0.0,
          "13": 0.0,
          "14": 0.0,
          "15": 0.0,
          "16": 0.0,
          "17": 0.0,
          "18": 0.0,
          "19": 0.0,
          "20": 1.0,
          "21": 1.0
        },
        "fans": 7222,
        "svi": 0.2809,
        "canopy_pct": 0.0,
        "treatable": [
          "awning",
          "sail",
          "tree"
        ]
      }
    },
    {
      "type": "Feature",
      "geometry": {
        "type": "LineString",
        "coordinates": [
          [
            -95.40573388611496,
            29.686287180807497
          ],
          [
            -95.405922,
            29.6862857
          ],
          [
            -95.40594045873331,
            29.68628555503202
          ]
        ]
      },
      "properties": {
        "id": "metrorail_stadium_park_astrodome_platform_path_11",
        "name": "METRORail Stadium Park / Astrodome platform access path",
        "len_m": 20.0,
        "approach": "metrorail_stadium_park",
        "degmin": {
          "10": 1.077,
          "11": 1.248,
          "12": 1.357,
          "13": 2.036,
          "14": 2.051,
          "15": 1.758,
          "16": 1.452,
          "17": 1.04,
          "18": 0.731,
          "19": 0.23,
          "20": 0.0,
          "21": 0.0
        },
        "degmin_lo": {
          "10": 0.611,
          "11": 0.789,
          "12": 0.909,
          "13": 1.512,
          "14": 1.525,
          "15": 1.263,
          "16": 0.986,
          "17": 0.601,
          "18": 0.318,
          "19": 0.0,
          "20": 0.0,
          "21": 0.0
        },
        "degmin_hi": {
          "10": 1.502,
          "11": 1.694,
          "12": 1.819,
          "13": 2.338,
          "14": 2.333,
          "15": 2.224,
          "16": 1.897,
          "17": 1.444,
          "18": 1.1,
          "19": 0.557,
          "20": 0.0,
          "21": 0.0
        },
        "wbgt": {
          "10": 32.2,
          "11": 32.87,
          "12": 33.29,
          "13": 35.94,
          "14": 36.0,
          "15": 34.86,
          "16": 33.66,
          "17": 32.05,
          "18": 30.85,
          "19": 28.9,
          "20": 26.77,
          "21": 26.3
        },
        "shade_frac": {
          "10": 0.0,
          "11": 0.0,
          "12": 0.0,
          "13": 0.0,
          "14": 0.0,
          "15": 0.0,
          "16": 0.0,
          "17": 0.0,
          "18": 0.0,
          "19": 0.0,
          "20": 1.0,
          "21": 1.0
        },
        "fans": 7222,
        "svi": 0.2809,
        "canopy_pct": 0.0,
        "treatable": [
          "awning",
          "sail",
          "tree"
        ]
      }
    },
    {
      "type": "Feature",
      "geometry": {
        "type": "LineString",
        "coordinates": [
          [
            -95.40594045873331,
            29.68628555503202
          ],
          [
            -95.40614703135819,
            29.686283932512243
          ]
        ]
      },
      "properties": {
        "id": "metrorail_stadium_park_astrodome_platform_path_12",
        "name": "METRORail Stadium Park / Astrodome platform access path",
        "len_m": 20.0,
        "approach": "metrorail_stadium_park",
        "degmin": {
          "10": 1.07,
          "11": 1.241,
          "12": 1.35,
          "13": 2.029,
          "14": 2.045,
          "15": 1.752,
          "16": 1.445,
          "17": 1.033,
          "18": 0.724,
          "19": 0.223,
          "20": 0.0,
          "21": 0.0
        },
        "degmin_lo": {
          "10": 0.604,
          "11": 0.782,
          "12": 0.902,
          "13": 1.505,
          "14": 1.519,
          "15": 1.256,
          "16": 0.979,
          "17": 0.594,
          "18": 0.311,
          "19": 0.0,
          "20": 0.0,
          "21": 0.0
        },
        "degmin_hi": {
          "10": 1.496,
          "11": 1.687,
          "12": 1.812,
          "13": 2.331,
          "14": 2.326,
          "15": 2.218,
          "16": 1.891,
          "17": 1.437,
          "18": 1.093,
          "19": 0.55,
          "20": 0.0,
          "21": 0.0
        },
        "wbgt": {
          "10": 32.17,
          "11": 32.84,
          "12": 33.27,
          "13": 35.91,
          "14": 35.97,
          "15": 34.83,
          "16": 33.64,
          "17": 32.03,
          "18": 30.82,
          "19": 28.87,
          "20": 26.74,
          "21": 26.27
        },
        "shade_frac": {
          "10": 0.0,
          "11": 0.0,
          "12": 0.0,
          "13": 0.0,
          "14": 0.0,
          "15": 0.0,
          "16": 0.0,
          "17": 0.0,
          "18": 0.0,
          "19": 0.0,
          "20": 1.0,
          "21": 1.0
        },
        "fans": 7222,
        "svi": 0.2809,
        "canopy_pct": 0.0,
        "treatable": [
          "awning",
          "sail",
          "tree"
        ]
      }
    },
    {
      "type": "Feature",
      "geometry": {
        "type": "LineString",
        "coordinates": [
          [
            -95.40614703135819,
            29.686283932512243
          ],
          [
            -95.40635360395268,
            29.68628230967033
          ]
        ]
      },
      "properties": {
        "id": "metrorail_stadium_park_astrodome_platform_path_13",
        "name": "METRORail Stadium Park / Astrodome platform access path",
        "len_m": 20.0,
        "approach": "metrorail_stadium_park",
        "degmin": {
          "10": 1.065,
          "11": 1.236,
          "12": 1.344,
          "13": 2.024,
          "14": 2.039,
          "15": 1.746,
          "16": 1.44,
          "17": 1.027,
          "18": 0.718,
          "19": 0.218,
          "20": 0.0,
          "21": 0.0
        },
        "degmin_lo": {
          "10": 0.599,
          "11": 0.777,
          "12": 0.897,
          "13": 1.499,
          "14": 1.513,
          "15": 1.25,
          "16": 0.973,
          "17": 0.588,
          "18": 0.305,
          "19": 0.0,
          "20": 0.0,
          "21": 0.0
        },
        "degmin_hi": {
          "10": 1.49,
          "11": 1.682,
          "12": 1.806,
          "13": 2.325,
          "14": 2.32,
          "15": 2.212,
          "16": 1.885,
          "17": 1.432,
          "18": 1.088,
          "19": 0.545,
          "20": 0.0,
          "21": 0.0
        },
        "wbgt": {
          "10": 32.15,
          "11": 32.82,
          "12": 33.24,
          "13": 35.89,
          "14": 35.95,
          "15": 34.81,
          "16": 33.62,
          "17": 32.01,
          "18": 30.8,
          "19": 28.85,
          "20": 26.72,
          "21": 26.25
        },
        "shade_frac": {
          "10": 0.0,
          "11": 0.0,
          "12": 0.0,
          "13": 0.0,
          "14": 0.0,
          "15": 0.0,
          "16": 0.0,
          "17": 0.0,
          "18": 0.0,
          "19": 0.0,
          "20": 1.0,
          "21": 1.0
        },
        "fans": 7222,
        "svi": 0.2809,
        "canopy_pct": 0.0,
        "treatable": [
          "awning",
          "sail",
          "tree"
        ]
      }
    },
    {
      "type": "Feature",
      "geometry": {
        "type": "LineString",
        "coordinates": [
          [
            -95.40635360395268,
            29.68628230967033
          ],
          [
            -95.40656017651679,
            29.686280686506294
          ]
        ]
      },
      "properties": {
        "id": "metrorail_stadium_park_astrodome_platform_path_14",
        "name": "METRORail Stadium Park / Astrodome platform access path",
        "len_m": 20.0,
        "approach": "metrorail_stadium_park",
        "degmin": {
          "10": 1.06,
          "11": 1.232,
          "12": 1.34,
          "13": 2.02,
          "14": 2.035,
          "15": 1.742,
          "16": 1.436,
          "17": 1.023,
          "18": 0.714,
          "19": 0.213,
          "20": 0.0,
          "21": 0.0
        },
        "degmin_lo": {
          "10": 0.595,
          "11": 0.772,
          "12": 0.892,
          "13": 1.495,
          "14": 1.509,
          "15": 1.246,
          "16": 0.968,
          "17": 0.584,
          "18": 0.301,
          "19": 0.0,
          "20": 0.0,
          "21": 0.0
        },
        "degmin_hi": {
          "10": 1.486,
          "11": 1.678,
          "12": 1.802,
          "13": 2.321,
          "14": 2.316,
          "15": 2.208,
          "16": 1.881,
          "17": 1.428,
          "18": 1.084,
          "19": 0.54,
          "20": 0.0,
          "21": 0.0
        },
        "wbgt": {
          "10": 32.14,
          "11": 32.8,
          "12": 33.23,
          "13": 35.88,
          "14": 35.94,
          "15": 34.79,
          "16": 33.6,
          "17": 31.99,
          "18": 30.79,
          "19": 28.83,
          "20": 26.7,
          "21": 26.24
        },
        "shade_frac": {
          "10": 0.0,
          "11": 0.0,
          "12": 0.0,
          "13": 0.0,
          "14": 0.0,
          "15": 0.0,
          "16": 0.0,
          "17": 0.0,
          "18": 0.0,
          "19": 0.0,
          "20": 1.0,
          "21": 1.0
        },
        "fans": 7222,
        "svi": 0.2809,
        "canopy_pct": 0.0,
        "treatable": [
          "awning",
          "sail",
          "tree"
        ]
      }
    },
    {
      "type": "Feature",
      "geometry": {
        "type": "LineString",
        "coordinates": [
          [
            -95.40656017651679,
            29.686280686506294
          ],
          [
            -95.40676674905055,
            29.686279063020127
          ]
        ]
      },
      "properties": {
        "id": "metrorail_stadium_park_astrodome_platform_path_15",
        "name": "METRORail Stadium Park / Astrodome platform access path",
        "len_m": 20.0,
        "approach": "metrorail_stadium_park",
        "degmin": {
          "10": 1.056,
          "11": 1.227,
          "12": 1.336,
          "13": 2.016,
          "14": 2.031,
          "15": 1.738,
          "16": 1.431,
          "17": 1.019,
          "18": 0.71,
          "19": 0.209,
          "20": 0.0,
          "21": 0.0
        },
        "degmin_lo": {
          "10": 0.59,
          "11": 0.768,
          "12": 0.888,
          "13": 1.491,
          "14": 1.505,
          "15": 1.241,
          "16": 0.964,
          "17": 0.58,
          "18": 0.297,
          "19": 0.0,
          "20": 0.0,
          "21": 0.0
        },
        "degmin_hi": {
          "10": 1.482,
          "11": 1.673,
          "12": 1.798,
          "13": 2.317,
          "14": 2.311,
          "15": 2.204,
          "16": 1.877,
          "17": 1.423,
          "18": 1.08,
          "19": 0.536,
          "20": 0.0,
          "21": 0.0
        },
        "wbgt": {
          "10": 32.12,
          "11": 32.79,
          "12": 33.21,
          "13": 35.86,
          "14": 35.92,
          "15": 34.78,
          "16": 33.58,
          "17": 31.97,
          "18": 30.77,
          "19": 28.81,
          "20": 26.68,
          "21": 26.22
        },
        "shade_frac": {
          "10": 0.0,
          "11": 0.0,
          "12": 0.0,
          "13": 0.0,
          "14": 0.0,
          "15": 0.0,
          "16": 0.0,
          "17": 0.0,
          "18": 0.0,
          "19": 0.0,
          "20": 1.0,
          "21": 1.0
        },
        "fans": 7222,
        "svi": 0.2809,
        "canopy_pct": 0.0,
        "treatable": [
          "awning",
          "sail",
          "tree"
        ]
      }
    },
    {
      "type": "Feature",
      "geometry": {
        "type": "LineString",
        "coordinates": [
          [
            -95.40676674905055,
            29.686279063020127
          ],
          [
            -95.4068511,
            29.6862784
          ],
          [
            -95.40697331605,
            29.68627700400473
          ]
        ]
      },
      "properties": {
        "id": "metrorail_stadium_park_astrodome_platform_path_16",
        "name": "METRORail Stadium Park / Astrodome platform access path",
        "len_m": 20.0,
        "approach": "metrorail_stadium_park",
        "degmin": {
          "10": 1.048,
          "11": 1.22,
          "12": 1.328,
          "13": 2.008,
          "14": 2.024,
          "15": 1.73,
          "16": 1.424,
          "17": 1.011,
          "18": 0.702,
          "19": 0.201,
          "20": 0.0,
          "21": 0.0
        },
        "degmin_lo": {
          "10": 0.582,
          "11": 0.76,
          "12": 0.88,
          "13": 1.483,
          "14": 1.497,
          "15": 1.234,
          "16": 0.956,
          "17": 0.572,
          "18": 0.289,
          "19": 0.0,
          "20": 0.0,
          "21": 0.0
        },
        "degmin_hi": {
          "10": 1.474,
          "11": 1.666,
          "12": 1.79,
          "13": 2.309,
          "14": 2.304,
          "15": 2.197,
          "16": 1.869,
          "17": 1.416,
          "18": 1.072,
          "19": 0.528,
          "20": 0.0,
          "21": 0.0
        },
        "wbgt": {
          "10": 32.09,
          "11": 32.76,
          "12": 33.18,
          "13": 35.83,
          "14": 35.89,
          "15": 34.75,
          "16": 33.55,
          "17": 31.94,
          "18": 30.74,
          "19": 28.78,
          "20": 26.65,
          "21": 26.19
        },
        "shade_frac": {
          "10": 0.0,
          "11": 0.0,
          "12": 0.0,
          "13": 0.0,
          "14": 0.0,
          "15": 0.0,
          "16": 0.0,
          "17": 0.0,
          "18": 0.0,
          "19": 0.0,
          "20": 1.0,
          "21": 1.0
        },
        "fans": 7222,
        "svi": 0.2809,
        "canopy_pct": 0.0,
        "treatable": [
          "awning",
          "sail",
          "tree"
        ]
      }
    },
    {
      "type": "Feature",
      "geometry": {
        "type": "LineString",
        "coordinates": [
          [
            -95.40697331605,
            29.68627700400473
          ],
          [
            -95.40717987921815,
            29.686274644310107
          ]
        ]
      },
      "properties": {
        "id": "metrorail_stadium_park_astrodome_platform_path_17",
        "name": "METRORail Stadium Park / Astrodome platform access path",
        "len_m": 20.0,
        "approach": "metrorail_stadium_park",
        "degmin": {
          "10": 1.038,
          "11": 1.21,
          "12": 1.318,
          "13": 1.998,
          "14": 2.014,
          "15": 1.72,
          "16": 1.413,
          "17": 1.001,
          "18": 0.692,
          "19": 0.19,
          "20": 0.0,
          "21": 0.0
        },
        "degmin_lo": {
          "10": 0.572,
          "11": 0.75,
          "12": 0.87,
          "13": 1.473,
          "14": 1.487,
          "15": 1.223,
          "16": 0.946,
          "17": 0.562,
          "18": 0.278,
          "19": 0.0,
          "20": 0.0,
          "21": 0.0
        },
        "degmin_hi": {
          "10": 1.465,
          "11": 1.656,
          "12": 1.78,
          "13": 2.299,
          "14": 2.294,
          "15": 2.187,
          "16": 1.859,
          "17": 1.406,
          "18": 1.062,
          "19": 0.518,
          "20": 0.0,
          "21": 0.0
        },
        "wbgt": {
          "10": 32.05,
          "11": 32.72,
          "12": 33.14,
          "13": 35.79,
          "14": 35.85,
          "15": 34.71,
          "16": 33.51,
          "17": 31.9,
          "18": 30.7,
          "19": 28.74,
          "20": 26.61,
          "21": 26.14
        },
        "shade_frac": {
          "10": 0.0,
          "11": 0.0,
          "12": 0.0,
          "13": 0.0,
          "14": 0.0,
          "15": 0.0,
          "16": 0.0,
          "17": 0.0,
          "18": 0.0,
          "19": 0.0,
          "20": 1.0,
          "21": 1.0
        },
        "fans": 7222,
        "svi": 0.2809,
        "canopy_pct": 0.0,
        "treatable": [
          "awning",
          "sail",
          "tree"
        ]
      }
    },
    {
      "type": "Feature",
      "geometry": {
        "type": "LineString",
        "coordinates": [
          [
            -95.40717987921815,
            29.686274644310107
          ],
          [
            -95.4073864423529,
            29.686272284293572
          ]
        ]
      },
      "properties": {
        "id": "metrorail_stadium_park_astrodome_platform_path_18",
        "name": "METRORail Stadium Park / Astrodome platform access path",
        "len_m": 20.0,
        "approach": "metrorail_stadium_park",
        "degmin": {
          "10": 1.025,
          "11": 1.197,
          "12": 1.305,
          "13": 1.986,
          "14": 2.001,
          "15": 1.708,
          "16": 1.401,
          "17": 0.988,
          "18": 0.679,
          "19": 0.177,
          "20": 0.0,
          "21": 0.0
        },
        "degmin_lo": {
          "10": 0.559,
          "11": 0.737,
          "12": 0.857,
          "13": 1.461,
          "14": 1.474,
          "15": 1.211,
          "16": 0.933,
          "17": 0.549,
          "18": 0.265,
          "19": 0.0,
          "20": 0.0,
          "21": 0.0
        },
        "degmin_hi": {
          "10": 1.452,
          "11": 1.644,
          "12": 1.768,
          "13": 2.287,
          "14": 2.281,
          "15": 2.175,
          "16": 1.847,
          "17": 1.393,
          "18": 1.05,
          "19": 0.505,
          "20": 0.0,
          "21": 0.0
        },
        "wbgt": {
          "10": 32.0,
          "11": 32.67,
          "12": 33.09,
          "13": 35.75,
          "14": 35.81,
          "15": 34.66,
          "16": 33.46,
          "17": 31.85,
          "18": 30.65,
          "19": 28.69,
          "20": 26.56,
          "21": 26.09
        },
        "shade_frac": {
          "10": 0.0,
          "11": 0.0,
          "12": 0.0,
          "13": 0.0,
          "14": 0.0,
          "15": 0.0,
          "16": 0.0,
          "17": 0.0,
          "18": 0.0,
          "19": 0.0,
          "20": 1.0,
          "21": 1.0
        },
        "fans": 7222,
        "svi": 0.2809,
        "canopy_pct": 0.0,
        "treatable": [
          "awning",
          "sail",
          "tree"
        ]
      }
    },
    {
      "type": "Feature",
      "geometry": {
        "type": "LineString",
        "coordinates": [
          [
            -95.4073864423529,
            29.686272284293572
          ],
          [
            -95.4075776,
            29.686270100000005
          ],
          [
            -95.40759300551805,
            29.68626992826464
          ]
        ]
      },
      "properties": {
        "id": "metrorail_stadium_park_astrodome_platform_path_19",
        "name": "METRORail Stadium Park / Astrodome platform access path",
        "len_m": 20.0,
        "approach": "metrorail_stadium_park",
        "degmin": {
          "10": 1.013,
          "11": 1.185,
          "12": 1.293,
          "13": 1.974,
          "14": 1.989,
          "15": 1.696,
          "16": 1.388,
          "17": 0.976,
          "18": 0.667,
          "19": 0.164,
          "20": 0.0,
          "21": 0.0
        },
        "degmin_lo": {
          "10": 0.546,
          "11": 0.724,
          "12": 0.844,
          "13": 1.448,
          "14": 1.462,
          "15": 1.198,
          "16": 0.92,
          "17": 0.536,
          "18": 0.253,
          "19": 0.0,
          "20": 0.0,
          "21": 0.0
        },
        "degmin_hi": {
          "10": 1.44,
          "11": 1.632,
          "12": 1.756,
          "13": 2.275,
          "14": 2.269,
          "15": 2.163,
          "16": 1.835,
          "17": 1.381,
          "18": 1.038,
          "19": 0.493,
          "20": 0.0,
          "21": 0.0
        },
        "wbgt": {
          "10": 31.95,
          "11": 32.62,
          "12": 33.04,
          "13": 35.7,
          "14": 35.76,
          "15": 34.61,
          "16": 33.41,
          "17": 31.81,
          "18": 30.6,
          "19": 28.64,
          "20": 26.56,
          "21": 26.04
        },
        "shade_frac": {
          "10": 0.0,
          "11": 0.0,
          "12": 0.0,
          "13": 0.0,
          "14": 0.0,
          "15": 0.0,
          "16": 0.0,
          "17": 0.0,
          "18": 0.0,
          "19": 0.0,
          "20": 0.091,
          "21": 1.0
        },
        "fans": 7222,
        "svi": 0.2809,
        "canopy_pct": 0.0,
        "treatable": [
          "awning",
          "sail",
          "tree"
        ]
      }
    },
    {
      "type": "Feature",
      "geometry": {
        "type": "LineString",
        "coordinates": [
          [
            -95.40759300551805,
            29.68626992826464
          ],
          [
            -95.407757,
            29.686268099999996
          ],
          [
            -95.40779957216472,
            29.68626787979126
          ]
        ]
      },
      "properties": {
        "id": "metrorail_stadium_park_astrodome_platform_path_20",
        "name": "METRORail Stadium Park / Astrodome platform access path",
        "len_m": 20.0,
        "approach": "metrorail_stadium_park",
        "degmin": {
          "10": 1.002,
          "11": 1.174,
          "12": 1.282,
          "13": 1.963,
          "14": 1.979,
          "15": 1.685,
          "16": 1.377,
          "17": 0.965,
          "18": 0.656,
          "19": 0.153,
          "20": 0.0,
          "21": 0.0
        },
        "degmin_lo": {
          "10": 0.535,
          "11": 0.713,
          "12": 0.833,
          "13": 1.437,
          "14": 1.451,
          "15": 1.187,
          "16": 0.909,
          "17": 0.525,
          "18": 0.241,
          "19": 0.0,
          "20": 0.0,
          "21": 0.0
        },
        "degmin_hi": {
          "10": 1.429,
          "11": 1.621,
          "12": 1.745,
          "13": 2.264,
          "14": 2.258,
          "15": 2.152,
          "16": 1.824,
          "17": 1.371,
          "18": 1.027,
          "19": 0.482,
          "20": 0.0,
          "21": 0.0
        },
        "wbgt": {
          "10": 31.91,
          "11": 32.58,
          "12": 33.0,
          "13": 35.66,
          "14": 35.72,
          "15": 34.57,
          "16": 33.37,
          "17": 31.76,
          "18": 30.56,
          "19": 28.6,
          "20": 26.52,
          "21": 25.99
        },
        "shade_frac": {
          "10": 0.0,
          "11": 0.0,
          "12": 0.0,
          "13": 0.0,
          "14": 0.0,
          "15": 0.0,
          "16": 0.0,
          "17": 0.0,
          "18": 0.0,
          "19": 0.0,
          "20": 0.0,
          "21": 1.0
        },
        "fans": 7222,
        "svi": 0.2809,
        "canopy_pct": 0.0,
        "treatable": [
          "awning",
          "sail",
          "tree"
        ]
      }
    },
    {
      "type": "Feature",
      "geometry": {
        "type": "LineString",
        "coordinates": [
          [
            -95.40779957216472,
            29.68626787979126
          ],
          [
            -95.40800614927174,
            29.686266811056303
          ]
        ]
      },
      "properties": {
        "id": "metrorail_stadium_park_astrodome_platform_path_21",
        "name": "METRORail Stadium Park / Astrodome platform access path",
        "len_m": 20.0,
        "approach": "metrorail_stadium_park",
        "degmin": {
          "10": 0.989,
          "11": 1.161,
          "12": 1.269,
          "13": 1.951,
          "14": 1.966,
          "15": 1.672,
          "16": 1.364,
          "17": 0.952,
          "18": 0.643,
          "19": 0.14,
          "20": 0.0,
          "21": 0.0
        },
        "degmin_lo": {
          "10": 0.522,
          "11": 0.699,
          "12": 0.819,
          "13": 1.424,
          "14": 1.438,
          "15": 1.174,
          "16": 0.895,
          "17": 0.511,
          "18": 0.228,
          "19": 0.0,
          "20": 0.0,
          "21": 0.0
        },
        "degmin_hi": {
          "10": 1.417,
          "11": 1.608,
          "12": 1.732,
          "13": 2.251,
          "14": 2.245,
          "15": 2.14,
          "16": 1.811,
          "17": 1.358,
          "18": 1.014,
          "19": 0.468,
          "20": 0.0,
          "21": 0.0
        },
        "wbgt": {
          "10": 31.86,
          "11": 32.53,
          "12": 32.95,
          "13": 35.61,
          "14": 35.67,
          "15": 34.52,
          "16": 33.32,
          "17": 31.71,
          "18": 30.51,
          "19": 28.54,
          "20": 26.47,
          "21": 25.94
        },
        "shade_frac": {
          "10": 0.0,
          "11": 0.0,
          "12": 0.0,
          "13": 0.0,
          "14": 0.0,
          "15": 0.0,
          "16": 0.0,
          "17": 0.0,
          "18": 0.0,
          "19": 0.0,
          "20": 0.0,
          "21": 1.0
        },
        "fans": 7222,
        "svi": 0.2809,
        "canopy_pct": 0.0,
        "treatable": [
          "awning",
          "sail",
          "tree"
        ]
      }
    },
    {
      "type": "Feature",
      "geometry": {
        "type": "LineString",
        "coordinates": [
          [
            -95.40800614927174,
            29.686266811056303
          ],
          [
            -95.40821272635065,
            29.68626574199909
          ]
        ]
      },
      "properties": {
        "id": "metrorail_stadium_park_astrodome_platform_path_22",
        "name": "METRORail Stadium Park / Astrodome platform access path",
        "len_m": 20.0,
        "approach": "metrorail_stadium_park",
        "degmin": {
          "10": 0.984,
          "11": 1.156,
          "12": 1.264,
          "13": 1.946,
          "14": 1.961,
          "15": 1.667,
          "16": 1.359,
          "17": 0.947,
          "18": 0.637,
          "19": 0.134,
          "20": 0.0,
          "21": 0.0
        },
        "degmin_lo": {
          "10": 0.517,
          "11": 0.694,
          "12": 0.814,
          "13": 1.419,
          "14": 1.433,
          "15": 1.169,
          "16": 0.89,
          "17": 0.506,
          "18": 0.223,
          "19": 0.0,
          "20": 0.0,
          "21": 0.0
        },
        "degmin_hi": {
          "10": 1.412,
          "11": 1.603,
          "12": 1.727,
          "13": 2.246,
          "14": 2.24,
          "15": 2.135,
          "16": 1.806,
          "17": 1.353,
          "18": 1.009,
          "19": 0.463,
          "20": 0.0,
          "21": 0.0
        },
        "wbgt": {
          "10": 31.84,
          "11": 32.51,
          "12": 32.93,
          "13": 35.59,
          "14": 35.65,
          "15": 34.5,
          "16": 33.3,
          "17": 31.69,
          "18": 30.49,
          "19": 28.52,
          "20": 26.45,
          "21": 25.92
        },
        "shade_frac": {
          "10": 0.0,
          "11": 0.0,
          "12": 0.0,
          "13": 0.0,
          "14": 0.0,
          "15": 0.0,
          "16": 0.0,
          "17": 0.0,
          "18": 0.0,
          "19": 0.0,
          "20": 0.0,
          "21": 1.0
        },
        "fans": 7222,
        "svi": 0.2809,
        "canopy_pct": 0.0,
        "treatable": [
          "awning",
          "sail",
          "tree"
        ]
      }
    },
    {
      "type": "Feature",
      "geometry": {
        "type": "LineString",
        "coordinates": [
          [
            -95.40821272635065,
            29.68626574199909
          ],
          [
            -95.4083947,
            29.686264799999996
          ],
          [
            -95.4084193033987,
            29.686264672220048
          ]
        ]
      },
      "properties": {
        "id": "metrorail_stadium_park_astrodome_platform_path_23",
        "name": "METRORail Stadium Park / Astrodome platform access path",
        "len_m": 20.0,
        "approach": "metrorail_stadium_park",
        "degmin": {
          "10": 0.976,
          "11": 1.148,
          "12": 1.255,
          "13": 1.938,
          "14": 1.953,
          "15": 1.659,
          "16": 1.351,
          "17": 0.939,
          "18": 0.629,
          "19": 0.126,
          "20": 0.0,
          "21": 0.0
        },
        "degmin_lo": {
          "10": 0.508,
          "11": 0.686,
          "12": 0.806,
          "13": 1.411,
          "14": 1.425,
          "15": 1.16,
          "16": 0.882,
          "17": 0.498,
          "18": 0.215,
          "19": 0.0,
          "20": 0.0,
          "21": 0.0
        },
        "degmin_hi": {
          "10": 1.404,
          "11": 1.595,
          "12": 1.719,
          "13": 2.238,
          "14": 2.232,
          "15": 2.127,
          "16": 1.798,
          "17": 1.345,
          "18": 1.001,
          "19": 0.455,
          "20": 0.0,
          "21": 0.0
        },
        "wbgt": {
          "10": 31.81,
          "11": 32.48,
          "12": 32.9,
          "13": 35.56,
          "14": 35.62,
          "15": 34.47,
          "16": 33.27,
          "17": 31.66,
          "18": 30.45,
          "19": 28.49,
          "20": 26.41,
          "21": 25.89
        },
        "shade_frac": {
          "10": 0.0,
          "11": 0.0,
          "12": 0.0,
          "13": 0.0,
          "14": 0.0,
          "15": 0.0,
          "16": 0.0,
          "17": 0.0,
          "18": 0.0,
          "19": 0.0,
          "20": 0.0,
          "21": 1.0
        },
        "fans": 7222,
        "svi": 0.2809,
        "canopy_pct": 0.0,
        "treatable": [
          "awning",
          "sail",
          "tree"
        ]
      }
    },
    {
      "type": "Feature",
      "geometry": {
        "type": "LineString",
        "coordinates": [
          [
            -95.4084193033987,
            29.686264672220048
          ],
          [
            -95.4086258803985,
            29.68626359916357
          ]
        ]
      },
      "properties": {
        "id": "metrorail_stadium_park_astrodome_platform_path_24",
        "name": "METRORail Stadium Park / Astrodome platform access path",
        "len_m": 20.0,
        "approach": "metrorail_stadium_park",
        "degmin": {
          "10": 0.961,
          "11": 1.133,
          "12": 1.24,
          "13": 1.923,
          "14": 1.939,
          "15": 1.644,
          "16": 1.336,
          "17": 0.924,
          "18": 0.614,
          "19": 0.11,
          "20": 0.0,
          "21": 0.0
        },
        "degmin_lo": {
          "10": 0.493,
          "11": 0.671,
          "12": 0.791,
          "13": 1.396,
          "14": 1.41,
          "15": 1.145,
          "16": 0.866,
          "17": 0.483,
          "18": 0.199,
          "19": 0.0,
          "20": 0.0,
          "21": 0.0
        },
        "degmin_hi": {
          "10": 1.389,
          "11": 1.581,
          "12": 1.705,
          "13": 2.223,
          "14": 2.217,
          "15": 2.113,
          "16": 1.784,
          "17": 1.33,
          "18": 0.986,
          "19": 0.44,
          "20": 0.0,
          "21": 0.0
        },
        "wbgt": {
          "10": 31.75,
          "11": 32.42,
          "12": 32.84,
          "13": 35.5,
          "14": 35.56,
          "15": 34.41,
          "16": 33.21,
          "17": 31.6,
          "18": 30.4,
          "19": 28.43,
          "20": 26.35,
          "21": 25.82
        },
        "shade_frac": {
          "10": 0.0,
          "11": 0.0,
          "12": 0.0,
          "13": 0.0,
          "14": 0.0,
          "15": 0.0,
          "16": 0.0,
          "17": 0.0,
          "18": 0.0,
          "19": 0.0,
          "20": 0.0,
          "21": 1.0
        },
        "fans": 7222,
        "svi": 0.2809,
        "canopy_pct": 0.0,
        "treatable": [
          "awning",
          "sail",
          "tree"
        ]
      }
    },
    {
      "type": "Feature",
      "geometry": {
        "type": "LineString",
        "coordinates": [
          [
            -95.4086258803985,
            29.68626359916357
          ],
          [
            -95.4087412,
            29.686262999999993
          ],
          [
            -95.40883245809792,
            29.686262648406917
          ]
        ]
      },
      "properties": {
        "id": "metrorail_stadium_park_astrodome_platform_path_25",
        "name": "METRORail Stadium Park / Astrodome platform access path",
        "len_m": 20.0,
        "approach": "metrorail_stadium_park",
        "degmin": {
          "10": 0.949,
          "11": 1.121,
          "12": 1.228,
          "13": 1.912,
          "14": 1.927,
          "15": 1.632,
          "16": 1.324,
          "17": 0.912,
          "18": 0.602,
          "19": 0.098,
          "20": 0.0,
          "21": 0.0
        },
        "degmin_lo": {
          "10": 0.481,
          "11": 0.658,
          "12": 0.778,
          "13": 1.384,
          "14": 1.398,
          "15": 1.133,
          "16": 0.854,
          "17": 0.47,
          "18": 0.187,
          "19": 0.0,
          "20": 0.0,
          "21": 0.0
        },
        "degmin_hi": {
          "10": 1.377,
          "11": 1.569,
          "12": 1.693,
          "13": 2.212,
          "14": 2.205,
          "15": 2.101,
          "16": 1.772,
          "17": 1.319,
          "18": 0.974,
          "19": 0.428,
          "20": 0.0,
          "21": 0.0
        },
        "wbgt": {
          "10": 31.7,
          "11": 32.37,
          "12": 32.79,
          "13": 35.46,
          "14": 35.52,
          "15": 34.37,
          "16": 33.16,
          "17": 31.56,
          "18": 30.35,
          "19": 28.38,
          "20": 26.3,
          "21": 25.77
        },
        "shade_frac": {
          "10": 0.0,
          "11": 0.0,
          "12": 0.0,
          "13": 0.0,
          "14": 0.0,
          "15": 0.0,
          "16": 0.0,
          "17": 0.0,
          "18": 0.0,
          "19": 0.0,
          "20": 0.0,
          "21": 1.0
        },
        "fans": 7222,
        "svi": 0.2809,
        "canopy_pct": 0.0,
        "treatable": [
          "awning",
          "sail",
          "tree"
        ]
      }
    },
    {
      "type": "Feature",
      "geometry": {
        "type": "LineString",
        "coordinates": [
          [
            -95.40883245809792,
            29.686262648406917
          ],
          [
            -95.40903903668965,
            29.686261852282346
          ]
        ]
      },
      "properties": {
        "id": "metrorail_stadium_park_astrodome_platform_path_26",
        "name": "METRORail Stadium Park / Astrodome platform access path",
        "len_m": 20.0,
        "approach": "metrorail_stadium_park",
        "degmin": {
          "10": 0.938,
          "11": 1.11,
          "12": 1.217,
          "13": 1.901,
          "14": 1.916,
          "15": 1.621,
          "16": 1.313,
          "17": 0.9,
          "18": 0.591,
          "19": 0.086,
          "20": 0.0,
          "21": 0.0
        },
        "degmin_lo": {
          "10": 0.469,
          "11": 0.647,
          "12": 0.767,
          "13": 1.373,
          "14": 1.387,
          "15": 1.122,
          "16": 0.843,
          "17": 0.459,
          "18": 0.176,
          "19": 0.0,
          "20": 0.0,
          "21": 0.0
        },
        "degmin_hi": {
          "10": 1.366,
          "11": 1.558,
          "12": 1.682,
          "13": 2.201,
          "14": 2.194,
          "15": 2.09,
          "16": 1.761,
          "17": 1.308,
          "18": 0.963,
          "19": 0.417,
          "20": 0.0,
          "21": 0.0
        },
        "wbgt": {
          "10": 31.66,
          "11": 32.33,
          "12": 32.75,
          "13": 35.41,
          "14": 35.47,
          "15": 34.32,
          "16": 33.12,
          "17": 31.51,
          "18": 30.3,
          "19": 28.34,
          "20": 26.26,
          "21": 25.73
        },
        "shade_frac": {
          "10": 0.0,
          "11": 0.0,
          "12": 0.0,
          "13": 0.0,
          "14": 0.0,
          "15": 0.0,
          "16": 0.0,
          "17": 0.0,
          "18": 0.0,
          "19": 0.0,
          "20": 0.0,
          "21": 1.0
        },
        "fans": 7222,
        "svi": 0.2809,
        "canopy_pct": 0.0,
        "treatable": [
          "awning",
          "sail",
          "tree"
        ]
      }
    },
    {
      "type": "Feature",
      "geometry": {
        "type": "LineString",
        "coordinates": [
          [
            -95.40903903668965,
            29.686261852282346
          ],
          [
            -95.4090526,
            29.6862618
          ],
          [
            -95.40924041521674,
            29.68630066410234
          ]
        ]
      },
      "properties": {
        "id": "metrorail_stadium_park_astrodome_platform_path_27",
        "name": "METRORail Stadium Park / Astrodome platform access path",
        "len_m": 20.0,
        "approach": "metrorail_stadium_park",
        "degmin": {
          "10": 0.93,
          "11": 1.102,
          "12": 1.21,
          "13": 1.894,
          "14": 1.909,
          "15": 1.614,
          "16": 1.305,
          "17": 0.893,
          "18": 0.583,
          "19": 0.079,
          "20": 0.0,
          "21": 0.0
        },
        "degmin_lo": {
          "10": 0.462,
          "11": 0.639,
          "12": 0.759,
          "13": 1.366,
          "14": 1.379,
          "15": 1.114,
          "16": 0.835,
          "17": 0.451,
          "18": 0.168,
          "19": 0.0,
          "20": 0.0,
          "21": 0.0
        },
        "degmin_hi": {
          "10": 1.359,
          "11": 1.551,
          "12": 1.675,
          "13": 2.193,
          "14": 2.187,
          "15": 2.083,
          "16": 1.754,
          "17": 1.3,
          "18": 0.956,
          "19": 0.409,
          "20": 0.0,
          "21": 0.0
        },
        "wbgt": {
          "10": 31.63,
          "11": 32.3,
          "12": 32.72,
          "13": 35.39,
          "14": 35.44,
          "15": 34.29,
          "16": 33.09,
          "17": 31.48,
          "18": 30.28,
          "19": 28.31,
          "20": 26.23,
          "21": 25.7
        },
        "shade_frac": {
          "10": 0.0,
          "11": 0.0,
          "12": 0.0,
          "13": 0.0,
          "14": 0.0,
          "15": 0.0,
          "16": 0.0,
          "17": 0.0,
          "18": 0.0,
          "19": 0.0,
          "20": 0.0,
          "21": 1.0
        },
        "fans": 7222,
        "svi": 0.2809,
        "canopy_pct": 0.0,
        "treatable": [
          "awning",
          "sail",
          "tree"
        ]
      }
    },
    {
      "type": "Feature",
      "geometry": {
        "type": "LineString",
        "coordinates": [
          [
            -95.40924041521674,
            29.68630066410234
          ],
          [
            -95.40927780000001,
            29.686308399999998
          ],
          [
            -95.4093408,
            29.68632139999999
          ],
          [
            -95.4094133,
            29.686335900000003
          ],
          [
            -95.40944162406302,
            29.686341525750226
          ]
        ]
      },
      "properties": {
        "id": "metrorail_stadium_park_astrodome_platform_path_28",
        "name": "METRORail Stadium Park / Astrodome platform access path",
        "len_m": 20.0,
        "approach": "metrorail_stadium_park",
        "degmin": {
          "10": 0.937,
          "11": 1.109,
          "12": 1.216,
          "13": 1.9,
          "14": 1.915,
          "15": 1.62,
          "16": 1.312,
          "17": 0.9,
          "18": 0.59,
          "19": 0.085,
          "20": 0.0,
          "21": 0.0
        },
        "degmin_lo": {
          "10": 0.468,
          "11": 0.646,
          "12": 0.766,
          "13": 1.372,
          "14": 1.386,
          "15": 1.121,
          "16": 0.841,
          "17": 0.458,
          "18": 0.175,
          "19": 0.0,
          "20": 0.0,
          "21": 0.0
        },
        "degmin_hi": {
          "10": 1.365,
          "11": 1.558,
          "12": 1.681,
          "13": 2.199,
          "14": 2.193,
          "15": 2.089,
          "16": 1.76,
          "17": 1.307,
          "18": 0.962,
          "19": 0.416,
          "20": 0.0,
          "21": 0.0
        },
        "wbgt": {
          "10": 31.65,
          "11": 32.32,
          "12": 32.74,
          "13": 35.41,
          "14": 35.47,
          "15": 34.32,
          "16": 33.12,
          "17": 31.51,
          "18": 30.3,
          "19": 28.33,
          "20": 26.25,
          "21": 25.72
        },
        "shade_frac": {
          "10": 0.0,
          "11": 0.0,
          "12": 0.0,
          "13": 0.0,
          "14": 0.0,
          "15": 0.0,
          "16": 0.0,
          "17": 0.0,
          "18": 0.0,
          "19": 0.0,
          "20": 0.0,
          "21": 1.0
        },
        "fans": 7222,
        "svi": 0.2809,
        "canopy_pct": 0.0,
        "treatable": [
          "awning",
          "sail",
          "tree"
        ]
      }
    },
    {
      "type": "Feature",
      "geometry": {
        "type": "LineString",
        "coordinates": [
          [
            -95.40944162406302,
            29.686341525750226
          ],
          [
            -95.4094858,
            29.6863503
          ],
          [
            -95.4094696,
            29.6862616
          ],
          [
            -95.40946037141777,
            29.686211240074186
          ]
        ]
      },
      "properties": {
        "id": "metrorail_stadium_park_astrodome_platform_path_29",
        "name": "METRORail Stadium Park / Astrodome platform access path",
        "len_m": 20.0,
        "approach": "metrorail_stadium_park",
        "degmin": {
          "10": 0.939,
          "11": 1.111,
          "12": 1.218,
          "13": 1.902,
          "14": 1.917,
          "15": 1.622,
          "16": 1.314,
          "17": 0.902,
          "18": 0.592,
          "19": 0.087,
          "20": 0.0,
          "21": 0.0
        },
        "degmin_lo": {
          "10": 0.47,
          "11": 0.648,
          "12": 0.768,
          "13": 1.374,
          "14": 1.388,
          "15": 1.123,
          "16": 0.843,
          "17": 0.46,
          "18": 0.177,
          "19": 0.0,
          "20": 0.0,
          "21": 0.0
        },
        "degmin_hi": {
          "10": 1.367,
          "11": 1.559,
          "12": 1.683,
          "13": 2.201,
          "14": 2.195,
          "15": 2.091,
          "16": 1.762,
          "17": 1.309,
          "18": 0.965,
          "19": 0.418,
          "20": 0.0,
          "21": 0.0
        },
        "wbgt": {
          "10": 31.66,
          "11": 32.33,
          "12": 32.75,
          "13": 35.42,
          "14": 35.48,
          "15": 34.33,
          "16": 33.12,
          "17": 31.52,
          "18": 30.31,
          "19": 28.34,
          "20": 26.26,
          "21": 25.73
        },
        "shade_frac": {
          "10": 0.0,
          "11": 0.0,
          "12": 0.0,
          "13": 0.0,
          "14": 0.0,
          "15": 0.0,
          "16": 0.0,
          "17": 0.0,
          "18": 0.0,
          "19": 0.0,
          "20": 0.0,
          "21": 1.0
        },
        "fans": 7222,
        "svi": 0.2809,
        "canopy_pct": 0.0,
        "treatable": [
          "awning",
          "sail",
          "tree"
        ]
      }
    },
    {
      "type": "Feature",
      "geometry": {
        "type": "LineString",
        "coordinates": [
          [
            -95.40946037141777,
            29.686211240074186
          ],
          [
            -95.4094545,
            29.686179199999998
          ],
          [
            -95.40945210663816,
            29.686031282644887
          ]
        ]
      },
      "properties": {
        "id": "metrorail_stadium_park_astrodome_platform_path_30",
        "name": "METRORail Stadium Park / Astrodome platform access path",
        "len_m": 20.0,
        "approach": "metrorail_stadium_park",
        "degmin": {
          "10": 0.93,
          "11": 1.102,
          "12": 1.21,
          "13": 1.894,
          "14": 1.909,
          "15": 1.614,
          "16": 1.095,
          "17": 0.4,
          "18": 0.351,
          "19": 0.072,
          "20": 0.0,
          "21": 0.0
        },
        "degmin_lo": {
          "10": 0.462,
          "11": 0.64,
          "12": 0.759,
          "13": 1.366,
          "14": 1.38,
          "15": 1.114,
          "16": 0.655,
          "17": 0.094,
          "18": 0.092,
          "19": 0.0,
          "20": 0.0,
          "21": 0.0
        },
        "degmin_hi": {
          "10": 1.359,
          "11": 1.551,
          "12": 1.675,
          "13": 2.193,
          "14": 2.187,
          "15": 2.083,
          "16": 1.51,
          "17": 0.74,
          "18": 0.684,
          "19": 0.387,
          "20": 0.0,
          "21": 0.0
        },
        "wbgt": {
          "10": 31.63,
          "11": 32.3,
          "12": 32.72,
          "13": 35.39,
          "14": 35.45,
          "15": 34.29,
          "16": 32.27,
          "17": 29.56,
          "18": 29.37,
          "19": 28.21,
          "20": 26.23,
          "21": 25.7
        },
        "shade_frac": {
          "10": 0.0,
          "11": 0.0,
          "12": 0.0,
          "13": 0.0,
          "14": 0.0,
          "15": 0.0,
          "16": 0.273,
          "17": 0.818,
          "18": 0.455,
          "19": 0.091,
          "20": 0.0,
          "21": 1.0
        },
        "fans": 7222,
        "svi": 0.2809,
        "canopy_pct": 0.0,
        "treatable": [
          "awning",
          "sail",
          "tree"
        ]
      }
    },
    {
      "type": "Feature",
      "geometry": {
        "type": "LineString",
        "coordinates": [
          [
            -95.40945210663816,
            29.686031282644887
          ],
          [
            -95.40944918834393,
            29.685850920874515
          ]
        ]
      },
      "properties": {
        "id": "metrorail_stadium_park_astrodome_platform_path_31",
        "name": "METRORail Stadium Park / Astrodome platform access path",
        "len_m": 20.0,
        "approach": "metrorail_stadium_park",
        "degmin": {
          "10": 0.927,
          "11": 1.099,
          "12": 1.206,
          "13": 1.891,
          "14": 1.906,
          "15": 1.162,
          "16": 0.741,
          "17": 0.287,
          "18": 0.068,
          "19": 0.0,
          "20": 0.0,
          "21": 0.0
        },
        "degmin_lo": {
          "10": 0.458,
          "11": 0.636,
          "12": 0.756,
          "13": 1.363,
          "14": 1.376,
          "15": 0.719,
          "16": 0.371,
          "17": 0.0,
          "18": 0.0,
          "19": 0.0,
          "20": 0.0,
          "21": 0.0
        },
        "degmin_hi": {
          "10": 1.356,
          "11": 1.548,
          "12": 1.671,
          "13": 2.19,
          "14": 2.184,
          "15": 1.571,
          "16": 1.092,
          "17": 0.61,
          "18": 0.381,
          "19": 0.101,
          "20": 0.0,
          "21": 0.0
        },
        "wbgt": {
          "10": 31.61,
          "11": 32.29,
          "12": 32.7,
          "13": 35.37,
          "14": 35.43,
          "15": 32.53,
          "16": 30.89,
          "17": 29.12,
          "18": 28.26,
          "19": 27.2,
          "20": 26.17,
          "21": 25.68
        },
        "shade_frac": {
          "10": 0.0,
          "11": 0.0,
          "12": 0.0,
          "13": 0.0,
          "14": 0.0,
          "15": 0.455,
          "16": 0.727,
          "17": 1.0,
          "18": 1.0,
          "19": 1.0,
          "20": 0.636,
          "21": 1.0
        },
        "fans": 7222,
        "svi": 0.2809,
        "canopy_pct": 0.0,
        "treatable": [
          "awning",
          "sail",
          "tree"
        ]
      }
    },
    {
      "type": "Feature",
      "geometry": {
        "type": "LineString",
        "coordinates": [
          [
            -95.40944918834393,
            29.685850920874515
          ],
          [
            -95.4094489,
            29.6858331
          ],
          [
            -95.409448,
            29.6857739
          ],
          [
            -95.4094463,
            29.68569619999999
          ],
          [
            -95.40944574811986,
            29.685670566800983
          ]
        ]
      },
      "properties": {
        "id": "metrorail_stadium_park_astrodome_platform_path_32",
        "name": "METRORail Stadium Park / Astrodome platform access path",
        "len_m": 20.0,
        "approach": "metrorail_stadium_park",
        "degmin": {
          "10": 0.929,
          "11": 1.101,
          "12": 1.208,
          "13": 1.892,
          "14": 1.908,
          "15": 0.626,
          "16": 0.532,
          "17": 0.289,
          "18": 0.069,
          "19": 0.0,
          "20": 0.0,
          "21": 0.0
        },
        "degmin_lo": {
          "10": 0.46,
          "11": 0.638,
          "12": 0.758,
          "13": 1.365,
          "14": 1.378,
          "15": 0.266,
          "16": 0.169,
          "17": 0.0,
          "18": 0.0,
          "19": 0.0,
          "20": 0.0,
          "21": 0.0
        },
        "degmin_hi": {
          "10": 1.358,
          "11": 1.55,
          "12": 1.673,
          "13": 2.192,
          "14": 2.186,
          "15": 0.94,
          "16": 0.862,
          "17": 0.612,
          "18": 0.382,
          "19": 0.102,
          "20": 0.0,
          "21": 0.0
        },
        "wbgt": {
          "10": 31.62,
          "11": 32.29,
          "12": 32.71,
          "13": 35.38,
          "14": 35.44,
          "15": 30.44,
          "16": 30.08,
          "17": 29.13,
          "18": 28.27,
          "19": 27.21,
          "20": 26.16,
          "21": 25.69
        },
        "shade_frac": {
          "10": 0.0,
          "11": 0.0,
          "12": 0.0,
          "13": 0.0,
          "14": 0.0,
          "15": 1.0,
          "16": 1.0,
          "17": 1.0,
          "18": 1.0,
          "19": 1.0,
          "20": 1.0,
          "21": 1.0
        },
        "fans": 7222,
        "svi": 0.2809,
        "canopy_pct": 0.0,
        "treatable": [
          "awning",
          "sail",
          "tree"
        ]
      }
    },
    {
      "type": "Feature",
      "geometry": {
        "type": "LineString",
        "coordinates": [
          [
            -95.40944574811986,
            29.685670566800983
          ],
          [
            -95.40944186526941,
            29.685490218887214
          ]
        ]
      },
      "properties": {
        "id": "metrorail_stadium_park_astrodome_platform_path_33",
        "name": "METRORail Stadium Park / Astrodome platform access path",
        "len_m": 20.0,
        "approach": "metrorail_stadium_park",
        "degmin": {
          "10": 0.933,
          "11": 1.105,
          "12": 1.212,
          "13": 1.897,
          "14": 1.912,
          "15": 0.63,
          "16": 0.537,
          "17": 0.293,
          "18": 0.074,
          "19": 0.0,
          "20": 0.0,
          "21": 0.0
        },
        "degmin_lo": {
          "10": 0.464,
          "11": 0.642,
          "12": 0.762,
          "13": 1.369,
          "14": 1.382,
          "15": 0.27,
          "16": 0.173,
          "17": 0.0,
          "18": 0.0,
          "19": 0.0,
          "20": 0.0,
          "21": 0.0
        },
        "degmin_hi": {
          "10": 1.362,
          "11": 1.554,
          "12": 1.677,
          "13": 2.196,
          "14": 2.19,
          "15": 0.944,
          "16": 0.866,
          "17": 0.616,
          "18": 0.387,
          "19": 0.107,
          "20": 0.0,
          "21": 0.0
        },
        "wbgt": {
          "10": 31.64,
          "11": 32.31,
          "12": 32.73,
          "13": 35.4,
          "14": 35.46,
          "15": 30.46,
          "16": 30.09,
          "17": 29.14,
          "18": 28.29,
          "19": 27.23,
          "20": 26.18,
          "21": 25.71
        },
        "shade_frac": {
          "10": 0.0,
          "11": 0.0,
          "12": 0.0,
          "13": 0.0,
          "14": 0.0,
          "15": 1.0,
          "16": 1.0,
          "17": 1.0,
          "18": 1.0,
          "19": 1.0,
          "20": 1.0,
          "21": 1.0
        },
        "fans": 7222,
        "svi": 0.2809,
        "canopy_pct": 0.0,
        "treatable": [
          "awning",
          "sail",
          "tree"
        ]
      }
    },
    {
      "type": "Feature",
      "geometry": {
        "type": "LineString",
        "coordinates": [
          [
            -95.40944186526941,
            29.685490218887214
          ],
          [
            -95.4094379824566,
            29.685309870968062
          ]
        ]
      },
      "properties": {
        "id": "metrorail_stadium_park_astrodome_platform_path_34",
        "name": "METRORail Stadium Park / Astrodome platform access path",
        "len_m": 20.0,
        "approach": "metrorail_stadium_park",
        "degmin": {
          "10": 0.937,
          "11": 1.11,
          "12": 1.217,
          "13": 1.901,
          "14": 1.916,
          "15": 0.635,
          "16": 0.541,
          "17": 0.297,
          "18": 0.078,
          "19": 0.0,
          "20": 0.0,
          "21": 0.0
        },
        "degmin_lo": {
          "10": 0.469,
          "11": 0.647,
          "12": 0.767,
          "13": 1.374,
          "14": 1.387,
          "15": 0.275,
          "16": 0.178,
          "17": 0.0,
          "18": 0.0,
          "19": 0.0,
          "20": 0.0,
          "21": 0.0
        },
        "degmin_hi": {
          "10": 1.366,
          "11": 1.558,
          "12": 1.682,
          "13": 2.2,
          "14": 2.194,
          "15": 0.949,
          "16": 0.871,
          "17": 0.62,
          "18": 0.391,
          "19": 0.111,
          "20": 0.0,
          "21": 0.0
        },
        "wbgt": {
          "10": 31.66,
          "11": 32.33,
          "12": 32.75,
          "13": 35.41,
          "14": 35.47,
          "15": 30.48,
          "16": 30.11,
          "17": 29.16,
          "18": 28.31,
          "19": 27.25,
          "20": 26.2,
          "21": 25.73
        },
        "shade_frac": {
          "10": 0.0,
          "11": 0.0,
          "12": 0.0,
          "13": 0.0,
          "14": 0.0,
          "15": 1.0,
          "16": 1.0,
          "17": 1.0,
          "18": 1.0,
          "19": 1.0,
          "20": 1.0,
          "21": 1.0
        },
        "fans": 7222,
        "svi": 0.2809,
        "canopy_pct": 0.0,
        "treatable": [
          "awning",
          "sail",
          "tree"
        ]
      }
    },
    {
      "type": "Feature",
      "geometry": {
        "type": "LineString",
        "coordinates": [
          [
            -95.4094379824566,
            29.685309870968062
          ],
          [
            -95.4094358,
            29.685208499999995
          ],
          [
            -95.40943409573569,
            29.68512952310839
          ]
        ]
      },
      "properties": {
        "id": "metrorail_stadium_park_astrodome_platform_path_35",
        "name": "METRORail Stadium Park / Astrodome platform access path",
        "len_m": 20.0,
        "approach": "metrorail_stadium_park",
        "degmin": {
          "10": 0.336,
          "11": 1.114,
          "12": 1.221,
          "13": 1.905,
          "14": 1.92,
          "15": 0.639,
          "16": 0.546,
          "17": 0.302,
          "18": 0.083,
          "19": 0.0,
          "20": 0.0,
          "21": 0.0
        },
        "degmin_lo": {
          "10": 0.047,
          "11": 0.651,
          "12": 0.771,
          "13": 1.378,
          "14": 1.391,
          "15": 0.28,
          "16": 0.183,
          "17": 0.0,
          "18": 0.0,
          "19": 0.0,
          "20": 0.0,
          "21": 0.0
        },
        "degmin_hi": {
          "10": 0.686,
          "11": 1.563,
          "12": 1.686,
          "13": 2.205,
          "14": 2.198,
          "15": 0.953,
          "16": 0.875,
          "17": 0.625,
          "18": 0.396,
          "19": 0.116,
          "20": 0.0,
          "21": 0.0
        },
        "wbgt": {
          "10": 29.31,
          "11": 32.34,
          "12": 32.76,
          "13": 35.43,
          "14": 35.49,
          "15": 30.49,
          "16": 30.13,
          "17": 29.18,
          "18": 28.32,
          "19": 27.26,
          "20": 26.21,
          "21": 25.74
        },
        "shade_frac": {
          "10": 0.909,
          "11": 0.0,
          "12": 0.0,
          "13": 0.0,
          "14": 0.0,
          "15": 1.0,
          "16": 1.0,
          "17": 1.0,
          "18": 1.0,
          "19": 1.0,
          "20": 1.0,
          "21": 1.0
        },
        "fans": 7222,
        "svi": 0.2809,
        "canopy_pct": 0.0,
        "treatable": [
          "awning",
          "sail",
          "tree"
        ]
      }
    },
    {
      "type": "Feature",
      "geometry": {
        "type": "LineString",
        "coordinates": [
          [
            -95.40943409573569,
            29.68512952310839
          ],
          [
            -95.4094314,
            29.685004599999996
          ],
          [
            -95.40949483528468,
            29.68500681014204
          ]
        ]
      },
      "properties": {
        "id": "metrorail_stadium_park_astrodome_platform_path_36",
        "name": "METRORail Stadium Park / Astrodome platform access path",
        "len_m": 20.0,
        "approach": "metrorail_stadium_park",
        "degmin": {
          "10": 0.282,
          "11": 1.12,
          "12": 1.228,
          "13": 1.912,
          "14": 1.927,
          "15": 0.646,
          "16": 0.553,
          "17": 0.309,
          "18": 0.089,
          "19": 0.0,
          "20": 0.0,
          "21": 0.0
        },
        "degmin_lo": {
          "10": 0.0,
          "11": 0.658,
          "12": 0.778,
          "13": 1.384,
          "14": 1.397,
          "15": 0.287,
          "16": 0.19,
          "17": 0.0,
          "18": 0.0,
          "19": 0.0,
          "20": 0.0,
          "21": 0.0
        },
        "degmin_hi": {
          "10": 0.616,
          "11": 1.569,
          "12": 1.692,
          "13": 2.211,
          "14": 2.205,
          "15": 0.96,
          "16": 0.881,
          "17": 0.631,
          "18": 0.402,
          "19": 0.122,
          "20": 0.0,
          "21": 0.0
        },
        "wbgt": {
          "10": 29.1,
          "11": 32.37,
          "12": 32.79,
          "13": 35.46,
          "14": 35.51,
          "15": 30.52,
          "16": 30.15,
          "17": 29.2,
          "18": 28.35,
          "19": 27.29,
          "20": 26.24,
          "21": 25.77
        },
        "shade_frac": {
          "10": 1.0,
          "11": 0.0,
          "12": 0.0,
          "13": 0.0,
          "14": 0.0,
          "15": 1.0,
          "16": 1.0,
          "17": 1.0,
          "18": 1.0,
          "19": 1.0,
          "20": 1.0,
          "21": 1.0
        },
        "fans": 7222,
        "svi": 0.2809,
        "canopy_pct": 0.0,
        "treatable": [
          "awning",
          "sail",
          "tree"
        ]
      }
    },
    {
      "type": "Feature",
      "geometry": {
        "type": "LineString",
        "coordinates": [
          [
            -95.40949483528468,
            29.68500681014204
          ],
          [
            -95.40956630000001,
            29.68500929999999
          ]
        ]
      },
      "properties": {
        "id": "metrorail_stadium_park_astrodome_platform_path_37",
        "name": "METRORail Stadium Park / Astrodome platform access path",
        "len_m": 6.9,
        "approach": "metrorail_stadium_park",
        "degmin": {
          "10": 0.159,
          "11": 0.391,
          "12": 0.429,
          "13": 0.665,
          "14": 0.468,
          "15": 0.227,
          "16": 0.195,
          "17": 0.111,
          "18": 0.035,
          "19": 0.0,
          "20": 0.0,
          "21": 0.0
        },
        "degmin_lo": {
          "10": 0.048,
          "11": 0.232,
          "12": 0.273,
          "13": 0.483,
          "14": 0.307,
          "15": 0.103,
          "16": 0.069,
          "17": 0.0,
          "18": 0.0,
          "19": 0.0,
          "20": 0.0,
          "21": 0.0
        },
        "degmin_hi": {
          "10": 0.277,
          "11": 0.547,
          "12": 0.589,
          "13": 0.769,
          "14": 0.555,
          "15": 0.336,
          "16": 0.309,
          "17": 0.222,
          "18": 0.143,
          "19": 0.046,
          "20": 0.0,
          "21": 0.0
        },
        "wbgt": {
          "10": 29.79,
          "11": 32.41,
          "12": 32.83,
          "13": 35.5,
          "14": 33.27,
          "15": 30.56,
          "16": 30.2,
          "17": 29.24,
          "18": 28.39,
          "19": 27.33,
          "20": 26.28,
          "21": 25.82
        },
        "shade_frac": {
          "10": 0.75,
          "11": 0.0,
          "12": 0.0,
          "13": 0.0,
          "14": 0.5,
          "15": 1.0,
          "16": 1.0,
          "17": 1.0,
          "18": 1.0,
          "19": 1.0,
          "20": 1.0,
          "21": 1.0
        },
        "fans": 7222,
        "svi": 0.2809,
        "canopy_pct": 0.0,
        "treatable": [
          "awning",
          "sail",
          "tree"
        ]
      }
    },
    {
      "type": "Feature",
      "geometry": {
        "type": "LineString",
        "coordinates": [
          [
            -95.4153449,
            29.679446899999995
          ],
          [
            -95.4153449,
            29.6793491
          ],
          [
            -95.4153073,
            29.679332699999996
          ],
          [
            -95.4153280275289,
            29.679290543433055
          ]
        ]
      },
      "properties": {
        "id": "nrg_lot_c_path_0",
        "name": "NRG Lot C access path",
        "len_m": 20.0,
        "approach": "lot_c",
        "degmin": {
          "10": 0.91,
          "11": 1.263,
          "12": 1.366,
          "13": 2.055,
          "14": 2.067,
          "15": 1.773,
          "16": 1.462,
          "17": 1.055,
          "18": 0.562,
          "19": 0.044,
          "20": 0.0,
          "21": 0.0
        },
        "degmin_lo": {
          "10": 0.496,
          "11": 0.804,
          "12": 0.919,
          "13": 1.53,
          "14": 1.54,
          "15": 1.276,
          "16": 0.995,
          "17": 0.616,
          "18": 0.221,
          "19": 0.0,
          "20": 0.0,
          "21": 0.0
        },
        "degmin_hi": {
          "10": 1.302,
          "11": 1.709,
          "12": 1.827,
          "13": 2.345,
          "14": 2.339,
          "15": 2.238,
          "16": 1.907,
          "17": 1.459,
          "18": 0.901,
          "19": 0.319,
          "20": 0.002,
          "21": 0.0
        },
        "wbgt": {
          "10": 31.55,
          "11": 32.93,
          "12": 33.33,
          "13": 36.01,
          "14": 36.06,
          "15": 34.91,
          "16": 33.7,
          "17": 32.11,
          "18": 30.19,
          "19": 28.06,
          "20": 26.82,
          "21": 26.37
        },
        "shade_frac": {
          "10": 0.273,
          "11": 0.0,
          "12": 0.0,
          "13": 0.0,
          "14": 0.0,
          "15": 0.0,
          "16": 0.0,
          "17": 0.0,
          "18": 0.364,
          "19": 0.818,
          "20": 1.0,
          "21": 1.0
        },
        "fans": 32499,
        "svi": 0.7561,
        "canopy_pct": 0.0,
        "treatable": [
          "awning",
          "sail",
          "tree"
        ]
      }
    },
    {
      "type": "Feature",
      "geometry": {
        "type": "LineString",
        "coordinates": [
          [
            -95.4153280275289,
            29.679290543433055
          ],
          [
            -95.4153723,
            29.6792005
          ],
          [
            -95.41539084999599,
            29.679119720712407
          ]
        ]
      },
      "properties": {
        "id": "nrg_lot_c_path_1",
        "name": "NRG Lot C access path",
        "len_m": 20.0,
        "approach": "lot_c",
        "degmin": {
          "10": 0.545,
          "11": 1.129,
          "12": 1.363,
          "13": 2.052,
          "14": 2.064,
          "15": 1.769,
          "16": 1.389,
          "17": 0.779,
          "18": 0.281,
          "19": 0.0,
          "20": 0.0,
          "21": 0.0
        },
        "degmin_lo": {
          "10": 0.178,
          "11": 0.689,
          "12": 0.916,
          "13": 1.527,
          "14": 1.537,
          "15": 1.273,
          "16": 0.929,
          "17": 0.407,
          "18": 0.031,
          "19": 0.0,
          "20": 0.0,
          "21": 0.0
        },
        "degmin_hi": {
          "10": 0.887,
          "11": 1.553,
          "12": 1.824,
          "13": 2.341,
          "14": 2.336,
          "15": 2.235,
          "16": 1.824,
          "17": 1.133,
          "18": 0.598,
          "19": 0.263,
          "20": 0.0,
          "21": 0.0
        },
        "wbgt": {
          "10": 30.12,
          "11": 32.41,
          "12": 33.32,
          "13": 36.0,
          "14": 36.05,
          "15": 34.9,
          "16": 33.42,
          "17": 31.04,
          "18": 29.1,
          "19": 27.85,
          "20": 26.81,
          "21": 26.35
        },
        "shade_frac": {
          "10": 0.818,
          "11": 0.182,
          "12": 0.0,
          "13": 0.0,
          "14": 0.0,
          "15": 0.0,
          "16": 0.091,
          "17": 0.455,
          "18": 0.909,
          "19": 1.0,
          "20": 1.0,
          "21": 1.0
        },
        "fans": 32499,
        "svi": 0.7561,
        "canopy_pct": 0.0,
        "treatable": [
          "awning",
          "sail",
          "tree"
        ]
      }
    },
    {
      "type": "Feature",
      "geometry": {
        "type": "LineString",
        "coordinates": [
          [
            -95.41539084999599,
            29.679119720712407
          ],
          [
            -95.4153926,
            29.679112099999998
          ],
          [
            -95.4153882,
            29.679074399999998
          ],
          [
            -95.4154059,
            29.6790344
          ],
          [
            -95.4154148,
            29.678988299999997
          ],
          [
            -95.4154377,
            29.6789863
          ],
          [
            -95.4154662906448,
            29.678987185335284
          ]
        ]
      },
      "properties": {
        "id": "nrg_lot_c_path_2",
        "name": "NRG Lot C access path",
        "len_m": 20.0,
        "approach": "lot_c",
        "degmin": {
          "10": 0.841,
          "11": 1.124,
          "12": 1.358,
          "13": 2.047,
          "14": 2.059,
          "15": 1.675,
          "16": 1.104,
          "17": 0.719,
          "18": 0.461,
          "19": 0.085,
          "20": 0.0,
          "21": 0.0
        },
        "degmin_lo": {
          "10": 0.442,
          "11": 0.684,
          "12": 0.911,
          "13": 1.522,
          "14": 1.532,
          "15": 1.191,
          "16": 0.7,
          "17": 0.351,
          "18": 0.153,
          "19": 0.0,
          "20": 0.0,
          "21": 0.0
        },
        "degmin_hi": {
          "10": 1.223,
          "11": 1.548,
          "12": 1.819,
          "13": 2.337,
          "14": 2.331,
          "15": 2.138,
          "16": 1.49,
          "17": 1.063,
          "18": 0.793,
          "19": 0.368,
          "20": 0.001,
          "21": 0.0
        },
        "wbgt": {
          "10": 31.28,
          "11": 32.39,
          "12": 33.3,
          "13": 35.98,
          "14": 36.03,
          "15": 34.53,
          "16": 32.31,
          "17": 30.8,
          "18": 29.8,
          "19": 28.22,
          "20": 26.8,
          "21": 26.33
        },
        "shade_frac": {
          "10": 0.364,
          "11": 0.182,
          "12": 0.0,
          "13": 0.0,
          "14": 0.0,
          "15": 0.091,
          "16": 0.455,
          "17": 0.545,
          "18": 0.545,
          "19": 0.636,
          "20": 0.818,
          "21": 1.0
        },
        "fans": 32499,
        "svi": 0.7561,
        "canopy_pct": 0.0,
        "treatable": [
          "awning",
          "sail",
          "tree"
        ]
      }
    },
    {
      "type": "Feature",
      "geometry": {
        "type": "LineString",
        "coordinates": [
          [
            -95.4154662906448,
            29.678987185335284
          ],
          [
            -95.4156024,
            29.6789914
          ],
          [
            -95.41559700000002,
            29.67894709999999
          ],
          [
            -95.41561547093568,
            29.678942057799087
          ]
        ]
      },
      "properties": {
        "id": "nrg_lot_c_path_3",
        "name": "NRG Lot C access path",
        "len_m": 20.0,
        "approach": "lot_c",
        "degmin": {
          "10": 1.082,
          "11": 1.255,
          "12": 1.358,
          "13": 2.047,
          "14": 2.059,
          "15": 1.765,
          "16": 1.454,
          "17": 1.047,
          "18": 0.74,
          "19": 0.234,
          "20": 0.0,
          "21": 0.0
        },
        "degmin_lo": {
          "10": 0.617,
          "11": 0.796,
          "12": 0.911,
          "13": 1.522,
          "14": 1.532,
          "15": 1.268,
          "16": 0.987,
          "17": 0.608,
          "18": 0.327,
          "19": 0.0,
          "20": 0.0,
          "21": 0.0
        },
        "degmin_hi": {
          "10": 1.508,
          "11": 1.701,
          "12": 1.819,
          "13": 2.337,
          "14": 2.331,
          "15": 2.23,
          "16": 1.899,
          "17": 1.451,
          "18": 1.109,
          "19": 0.561,
          "20": 0.005,
          "21": 0.0
        },
        "wbgt": {
          "10": 32.22,
          "11": 32.89,
          "12": 33.3,
          "13": 35.98,
          "14": 36.03,
          "15": 34.88,
          "16": 33.67,
          "17": 32.08,
          "18": 30.88,
          "19": 28.91,
          "20": 26.83,
          "21": 26.33
        },
        "shade_frac": {
          "10": 0.0,
          "11": 0.0,
          "12": 0.0,
          "13": 0.0,
          "14": 0.0,
          "15": 0.0,
          "16": 0.0,
          "17": 0.0,
          "18": 0.0,
          "19": 0.0,
          "20": 0.273,
          "21": 1.0
        },
        "fans": 32499,
        "svi": 0.7561,
        "canopy_pct": 0.0,
        "treatable": [
          "awning",
          "sail",
          "tree"
        ]
      }
    },
    {
      "type": "Feature",
      "geometry": {
        "type": "LineString",
        "coordinates": [
          [
            -95.41561547093568,
            29.678942057799087
          ],
          [
            -95.4156688,
            29.6789275
          ],
          [
            -95.415653,
            29.678820500000004
          ],
          [
            -95.41566861481243,
            29.678801112485232
          ]
        ]
      },
      "properties": {
        "id": "nrg_lot_c_path_4",
        "name": "NRG Lot C access path",
        "len_m": 20.0,
        "approach": "lot_c",
        "degmin": {
          "10": 0.598,
          "11": 1.123,
          "12": 1.356,
          "13": 2.045,
          "14": 2.057,
          "15": 1.763,
          "16": 1.452,
          "17": 1.045,
          "18": 0.367,
          "19": 0.021,
          "20": 0.0,
          "21": 0.0
        },
        "degmin_lo": {
          "10": 0.226,
          "11": 0.683,
          "12": 0.909,
          "13": 1.52,
          "14": 1.53,
          "15": 1.266,
          "16": 0.985,
          "17": 0.606,
          "18": 0.092,
          "19": 0.0,
          "20": 0.0,
          "21": 0.0
        },
        "degmin_hi": {
          "10": 0.938,
          "11": 1.547,
          "12": 1.817,
          "13": 2.335,
          "14": 2.329,
          "15": 2.228,
          "16": 1.897,
          "17": 1.449,
          "18": 0.706,
          "19": 0.281,
          "20": 0.0,
          "21": 0.0
        },
        "wbgt": {
          "10": 30.33,
          "11": 32.38,
          "12": 33.29,
          "13": 35.98,
          "14": 36.02,
          "15": 34.87,
          "16": 33.66,
          "17": 32.08,
          "18": 29.43,
          "19": 27.92,
          "20": 26.78,
          "21": 26.33
        },
        "shade_frac": {
          "10": 0.727,
          "11": 0.182,
          "12": 0.0,
          "13": 0.0,
          "14": 0.0,
          "15": 0.0,
          "16": 0.0,
          "17": 0.0,
          "18": 0.727,
          "19": 0.909,
          "20": 1.0,
          "21": 1.0
        },
        "fans": 32499,
        "svi": 0.7561,
        "canopy_pct": 6.6,
        "treatable": [
          "awning",
          "sail",
          "tree"
        ]
      }
    },
    {
      "type": "Feature",
      "geometry": {
        "type": "LineString",
        "coordinates": [
          [
            -95.41566861481243,
            29.678801112485232
          ],
          [
            -95.4156828,
            29.678783500000005
          ],
          [
            -95.4157132,
            29.678769299999992
          ],
          [
            -95.41575290000002,
            29.678767199999992
          ],
          [
            -95.4158438,
            29.678764100000002
          ],
          [
            -95.41584191034013,
            29.678749620807277
          ]
        ]
      },
      "properties": {
        "id": "nrg_lot_c_path_5",
        "name": "NRG Lot C access path",
        "len_m": 20.0,
        "approach": "lot_c",
        "degmin": {
          "10": 1.078,
          "11": 1.251,
          "12": 1.354,
          "13": 2.044,
          "14": 2.056,
          "15": 1.761,
          "16": 1.45,
          "17": 1.043,
          "18": 0.736,
          "19": 0.21,
          "20": 0.0,
          "21": 0.0
        },
        "degmin_lo": {
          "10": 0.613,
          "11": 0.792,
          "12": 0.907,
          "13": 1.518,
          "14": 1.528,
          "15": 1.264,
          "16": 0.983,
          "17": 0.604,
          "18": 0.323,
          "19": 0.0,
          "20": 0.0,
          "21": 0.0
        },
        "degmin_hi": {
          "10": 1.504,
          "11": 1.697,
          "12": 1.815,
          "13": 2.333,
          "14": 2.327,
          "15": 2.226,
          "16": 1.895,
          "17": 1.447,
          "18": 1.105,
          "19": 0.536,
          "20": 0.0,
          "21": 0.0
        },
        "wbgt": {
          "10": 32.21,
          "11": 32.88,
          "12": 33.28,
          "13": 35.97,
          "14": 36.02,
          "15": 34.87,
          "16": 33.65,
          "17": 32.07,
          "18": 30.87,
          "19": 28.8,
          "20": 26.77,
          "21": 26.32
        },
        "shade_frac": {
          "10": 0.0,
          "11": 0.0,
          "12": 0.0,
          "13": 0.0,
          "14": 0.0,
          "15": 0.0,
          "16": 0.0,
          "17": 0.0,
          "18": 0.0,
          "19": 0.091,
          "20": 1.0,
          "21": 1.0
        },
        "fans": 32499,
        "svi": 0.7561,
        "canopy_pct": 2.2,
        "treatable": [
          "awning",
          "sail",
          "tree"
        ]
      }
    },
    {
      "type": "Feature",
      "geometry": {
        "type": "LineString",
        "coordinates": [
          [
            -95.41584191034013,
            29.678749620807277
          ],
          [
            -95.4158284,
            29.678646100000005
          ],
          [
            -95.415767,
            29.678650300000005
          ],
          [
            -95.4157513115028,
            29.678632568351258
          ]
        ]
      },
      "properties": {
        "id": "nrg_lot_c_path_6",
        "name": "NRG Lot C access path",
        "len_m": 20.0,
        "approach": "lot_c",
        "degmin": {
          "10": 1.073,
          "11": 1.246,
          "12": 1.349,
          "13": 2.038,
          "14": 2.05,
          "15": 1.756,
          "16": 1.444,
          "17": 1.038,
          "18": 0.73,
          "19": 0.225,
          "20": 0.0,
          "21": 0.0
        },
        "degmin_lo": {
          "10": 0.608,
          "11": 0.787,
          "12": 0.902,
          "13": 1.513,
          "14": 1.523,
          "15": 1.259,
          "16": 0.978,
          "17": 0.599,
          "18": 0.318,
          "19": 0.0,
          "20": 0.0,
          "21": 0.0
        },
        "degmin_hi": {
          "10": 1.499,
          "11": 1.692,
          "12": 1.81,
          "13": 2.328,
          "14": 2.322,
          "15": 2.221,
          "16": 1.89,
          "17": 1.442,
          "18": 1.1,
          "19": 0.552,
          "20": 0.0,
          "21": 0.0
        },
        "wbgt": {
          "10": 32.18,
          "11": 32.86,
          "12": 33.26,
          "13": 35.95,
          "14": 36.0,
          "15": 34.85,
          "16": 33.63,
          "17": 32.05,
          "18": 30.85,
          "19": 28.88,
          "20": 26.75,
          "21": 26.3
        },
        "shade_frac": {
          "10": 0.0,
          "11": 0.0,
          "12": 0.0,
          "13": 0.0,
          "14": 0.0,
          "15": 0.0,
          "16": 0.0,
          "17": 0.0,
          "18": 0.0,
          "19": 0.0,
          "20": 1.0,
          "21": 1.0
        },
        "fans": 32499,
        "svi": 0.7561,
        "canopy_pct": 0.0,
        "treatable": [
          "awning",
          "sail",
          "tree"
        ]
      }
    },
    {
      "type": "Feature",
      "geometry": {
        "type": "LineString",
        "coordinates": [
          [
            -95.4157513115028,
            29.678632568351258
          ],
          [
            -95.4157455,
            29.678626000000005
          ],
          [
            -95.41573467547646,
            29.678454180907277
          ]
        ]
      },
      "properties": {
        "id": "nrg_lot_c_path_7",
        "name": "NRG Lot C access path",
        "len_m": 20.0,
        "approach": "lot_c",
        "degmin": {
          "10": 1.061,
          "11": 1.234,
          "12": 1.337,
          "13": 2.027,
          "14": 2.039,
          "15": 1.744,
          "16": 1.433,
          "17": 1.026,
          "18": 0.719,
          "19": 0.213,
          "20": 0.0,
          "21": 0.0
        },
        "degmin_lo": {
          "10": 0.596,
          "11": 0.775,
          "12": 0.89,
          "13": 1.501,
          "14": 1.511,
          "15": 1.247,
          "16": 0.966,
          "17": 0.587,
          "18": 0.306,
          "19": 0.0,
          "20": 0.0,
          "21": 0.0
        },
        "degmin_hi": {
          "10": 1.487,
          "11": 1.681,
          "12": 1.799,
          "13": 2.317,
          "14": 2.311,
          "15": 2.21,
          "16": 1.879,
          "17": 1.431,
          "18": 1.089,
          "19": 0.54,
          "20": 0.0,
          "21": 0.0
        },
        "wbgt": {
          "10": 32.14,
          "11": 32.81,
          "12": 33.22,
          "13": 35.91,
          "14": 35.95,
          "15": 34.8,
          "16": 33.59,
          "17": 32.0,
          "18": 30.8,
          "19": 28.83,
          "20": 26.7,
          "21": 26.25
        },
        "shade_frac": {
          "10": 0.0,
          "11": 0.0,
          "12": 0.0,
          "13": 0.0,
          "14": 0.0,
          "15": 0.0,
          "16": 0.0,
          "17": 0.0,
          "18": 0.0,
          "19": 0.0,
          "20": 1.0,
          "21": 1.0
        },
        "fans": 32499,
        "svi": 0.7561,
        "canopy_pct": 0.0,
        "treatable": [
          "awning",
          "sail",
          "tree"
        ]
      }
    },
    {
      "type": "Feature",
      "geometry": {
        "type": "LineString",
        "coordinates": [
          [
            -95.41573467547646,
            29.678454180907277
          ],
          [
            -95.415725,
            29.678300600000007
          ],
          [
            -95.41569460598238,
            29.678301751076148
          ]
        ]
      },
      "properties": {
        "id": "nrg_lot_c_path_8",
        "name": "NRG Lot C access path",
        "len_m": 20.0,
        "approach": "lot_c",
        "degmin": {
          "10": 1.047,
          "11": 1.22,
          "12": 1.322,
          "13": 2.013,
          "14": 2.024,
          "15": 1.729,
          "16": 1.418,
          "17": 1.011,
          "18": 0.703,
          "19": 0.198,
          "20": 0.0,
          "21": 0.0
        },
        "degmin_lo": {
          "10": 0.58,
          "11": 0.759,
          "12": 0.875,
          "13": 1.486,
          "14": 1.496,
          "15": 1.232,
          "16": 0.951,
          "17": 0.571,
          "18": 0.29,
          "19": 0.0,
          "20": 0.0,
          "21": 0.0
        },
        "degmin_hi": {
          "10": 1.473,
          "11": 1.666,
          "12": 1.784,
          "13": 2.303,
          "14": 2.296,
          "15": 2.196,
          "16": 1.864,
          "17": 1.416,
          "18": 1.074,
          "19": 0.525,
          "20": 0.0,
          "21": 0.0
        },
        "wbgt": {
          "10": 32.08,
          "11": 32.76,
          "12": 33.16,
          "13": 35.85,
          "14": 35.9,
          "15": 34.74,
          "16": 33.53,
          "17": 31.94,
          "18": 30.74,
          "19": 28.77,
          "20": 26.64,
          "21": 26.19
        },
        "shade_frac": {
          "10": 0.0,
          "11": 0.0,
          "12": 0.0,
          "13": 0.0,
          "14": 0.0,
          "15": 0.0,
          "16": 0.0,
          "17": 0.0,
          "18": 0.0,
          "19": 0.0,
          "20": 1.0,
          "21": 1.0
        },
        "fans": 32499,
        "svi": 0.7561,
        "canopy_pct": 0.0,
        "treatable": [
          "awning",
          "sail",
          "tree"
        ]
      }
    },
    {
      "type": "Feature",
      "geometry": {
        "type": "LineString",
        "coordinates": [
          [
            -95.41569460598238,
            29.678301751076148
          ],
          [
            -95.41548823641504,
            29.678309566478337
          ]
        ]
      },
      "properties": {
        "id": "nrg_lot_c_path_9",
        "name": "NRG Lot C access path",
        "len_m": 20.0,
        "approach": "lot_c",
        "degmin": {
          "10": 1.039,
          "11": 1.212,
          "12": 1.315,
          "13": 2.006,
          "14": 2.017,
          "15": 1.722,
          "16": 1.411,
          "17": 1.004,
          "18": 0.696,
          "19": 0.19,
          "20": 0.0,
          "21": 0.0
        },
        "degmin_lo": {
          "10": 0.573,
          "11": 0.752,
          "12": 0.868,
          "13": 1.479,
          "14": 1.489,
          "15": 1.225,
          "16": 0.943,
          "17": 0.564,
          "18": 0.283,
          "19": 0.0,
          "20": 0.0,
          "21": 0.0
        },
        "degmin_hi": {
          "10": 1.466,
          "11": 1.659,
          "12": 1.778,
          "13": 2.296,
          "14": 2.29,
          "15": 2.189,
          "16": 1.857,
          "17": 1.409,
          "18": 1.066,
          "19": 0.518,
          "20": 0.0,
          "21": 0.0
        },
        "wbgt": {
          "10": 32.05,
          "11": 32.73,
          "12": 33.13,
          "13": 35.82,
          "14": 35.87,
          "15": 34.72,
          "16": 33.5,
          "17": 31.91,
          "18": 30.71,
          "19": 28.74,
          "20": 26.61,
          "21": 26.16
        },
        "shade_frac": {
          "10": 0.0,
          "11": 0.0,
          "12": 0.0,
          "13": 0.0,
          "14": 0.0,
          "15": 0.0,
          "16": 0.0,
          "17": 0.0,
          "18": 0.0,
          "19": 0.0,
          "20": 1.0,
          "21": 1.0
        },
        "fans": 32499,
        "svi": 0.7561,
        "canopy_pct": 0.0,
        "treatable": [
          "awning",
          "sail",
          "tree"
        ]
      }
    },
    {
      "type": "Feature",
      "geometry": {
        "type": "LineString",
        "coordinates": [
          [
            -95.41548823641504,
            29.678309566478337
          ],
          [
            -95.41528186679201,
            29.67831738156049
          ]
        ]
      },
      "properties": {
        "id": "nrg_lot_c_path_10",
        "name": "NRG Lot C access path",
        "len_m": 20.0,
        "approach": "lot_c",
        "degmin": {
          "10": 1.037,
          "11": 1.21,
          "12": 1.313,
          "13": 2.003,
          "14": 2.015,
          "15": 1.72,
          "16": 1.409,
          "17": 1.001,
          "18": 0.693,
          "19": 0.187,
          "20": 0.0,
          "21": 0.0
        },
        "degmin_lo": {
          "10": 0.57,
          "11": 0.749,
          "12": 0.865,
          "13": 1.477,
          "14": 1.486,
          "15": 1.222,
          "16": 0.941,
          "17": 0.561,
          "18": 0.28,
          "19": 0.0,
          "20": 0.0,
          "21": 0.0
        },
        "degmin_hi": {
          "10": 1.463,
          "11": 1.656,
          "12": 1.775,
          "13": 2.293,
          "14": 2.287,
          "15": 2.186,
          "16": 1.855,
          "17": 1.406,
          "18": 1.064,
          "19": 0.515,
          "20": 0.0,
          "21": 0.0
        },
        "wbgt": {
          "10": 32.04,
          "11": 32.72,
          "12": 33.12,
          "13": 35.81,
          "14": 35.86,
          "15": 34.71,
          "16": 33.49,
          "17": 31.9,
          "18": 30.7,
          "19": 28.73,
          "20": 26.6,
          "21": 26.14
        },
        "shade_frac": {
          "10": 0.0,
          "11": 0.0,
          "12": 0.0,
          "13": 0.0,
          "14": 0.0,
          "15": 0.0,
          "16": 0.0,
          "17": 0.0,
          "18": 0.0,
          "19": 0.0,
          "20": 1.0,
          "21": 1.0
        },
        "fans": 32499,
        "svi": 0.7561,
        "canopy_pct": 0.0,
        "treatable": [
          "awning",
          "sail",
          "tree"
        ]
      }
    },
    {
      "type": "Feature",
      "geometry": {
        "type": "LineString",
        "coordinates": [
          [
            -95.41528186679201,
            29.67831738156049
          ],
          [
            -95.41507549711328,
            29.678325196322618
          ]
        ]
      },
      "properties": {
        "id": "nrg_lot_c_path_11",
        "name": "NRG Lot C access path",
        "len_m": 20.0,
        "approach": "lot_c",
        "degmin": {
          "10": 1.034,
          "11": 1.206,
          "12": 1.31,
          "13": 2.0,
          "14": 2.012,
          "15": 1.717,
          "16": 1.406,
          "17": 0.998,
          "18": 0.69,
          "19": 0.184,
          "20": 0.0,
          "21": 0.0
        },
        "degmin_lo": {
          "10": 0.567,
          "11": 0.746,
          "12": 0.862,
          "13": 1.473,
          "14": 1.483,
          "15": 1.219,
          "16": 0.938,
          "17": 0.558,
          "18": 0.276,
          "19": 0.0,
          "20": 0.0,
          "21": 0.0
        },
        "degmin_hi": {
          "10": 1.46,
          "11": 1.653,
          "12": 1.772,
          "13": 2.291,
          "14": 2.284,
          "15": 2.183,
          "16": 1.852,
          "17": 1.403,
          "18": 1.06,
          "19": 0.512,
          "20": 0.0,
          "21": 0.0
        },
        "wbgt": {
          "10": 32.03,
          "11": 32.71,
          "12": 33.11,
          "13": 35.8,
          "14": 35.85,
          "15": 34.69,
          "16": 33.48,
          "17": 31.89,
          "18": 30.69,
          "19": 28.72,
          "20": 26.59,
          "21": 26.13
        },
        "shade_frac": {
          "10": 0.0,
          "11": 0.0,
          "12": 0.0,
          "13": 0.0,
          "14": 0.0,
          "15": 0.0,
          "16": 0.0,
          "17": 0.0,
          "18": 0.0,
          "19": 0.0,
          "20": 1.0,
          "21": 1.0
        },
        "fans": 32499,
        "svi": 0.7561,
        "canopy_pct": 0.0,
        "treatable": [
          "awning",
          "sail",
          "tree"
        ]
      }
    },
    {
      "type": "Feature",
      "geometry": {
        "type": "LineString",
        "coordinates": [
          [
            -95.41507549711328,
            29.678325196322618
          ],
          [
            -95.41507540000002,
            29.6783252
          ],
          [
            -95.41486912669276,
            29.678332996935747
          ]
        ]
      },
      "properties": {
        "id": "nrg_lot_c_path_12",
        "name": "NRG Lot C access path",
        "len_m": 20.0,
        "approach": "lot_c",
        "degmin": {
          "10": 1.03,
          "11": 1.202,
          "12": 1.306,
          "13": 1.996,
          "14": 2.008,
          "15": 1.713,
          "16": 1.402,
          "17": 0.994,
          "18": 0.686,
          "19": 0.18,
          "20": 0.0,
          "21": 0.0
        },
        "degmin_lo": {
          "10": 0.563,
          "11": 0.742,
          "12": 0.858,
          "13": 1.469,
          "14": 1.479,
          "15": 1.215,
          "16": 0.934,
          "17": 0.554,
          "18": 0.272,
          "19": 0.0,
          "20": 0.0,
          "21": 0.0
        },
        "degmin_hi": {
          "10": 1.456,
          "11": 1.649,
          "12": 1.768,
          "13": 2.287,
          "14": 2.281,
          "15": 2.18,
          "16": 1.848,
          "17": 1.399,
          "18": 1.056,
          "19": 0.508,
          "20": 0.0,
          "21": 0.0
        },
        "wbgt": {
          "10": 32.02,
          "11": 32.69,
          "12": 33.09,
          "13": 35.78,
          "14": 35.83,
          "15": 34.68,
          "16": 33.47,
          "17": 31.88,
          "18": 30.67,
          "19": 28.7,
          "20": 26.57,
          "21": 26.11
        },
        "shade_frac": {
          "10": 0.0,
          "11": 0.0,
          "12": 0.0,
          "13": 0.0,
          "14": 0.0,
          "15": 0.0,
          "16": 0.0,
          "17": 0.0,
          "18": 0.0,
          "19": 0.0,
          "20": 1.0,
          "21": 1.0
        },
        "fans": 32499,
        "svi": 0.7561,
        "canopy_pct": 0.0,
        "treatable": [
          "awning",
          "sail",
          "tree"
        ]
      }
    },
    {
      "type": "Feature",
      "geometry": {
        "type": "LineString",
        "coordinates": [
          [
            -95.41486912669276,
            29.678332996935747
          ],
          [
            -95.4148664,
            29.678333099999996
          ],
          [
            -95.41466275548453,
            29.678340782444568
          ]
        ]
      },
      "properties": {
        "id": "nrg_lot_c_path_13",
        "name": "NRG Lot C access path",
        "len_m": 20.0,
        "approach": "lot_c",
        "degmin": {
          "10": 1.024,
          "11": 1.197,
          "12": 1.301,
          "13": 1.99,
          "14": 2.002,
          "15": 1.707,
          "16": 1.397,
          "17": 0.988,
          "18": 0.68,
          "19": 0.174,
          "20": 0.0,
          "21": 0.0
        },
        "degmin_lo": {
          "10": 0.558,
          "11": 0.736,
          "12": 0.852,
          "13": 1.464,
          "14": 1.474,
          "15": 1.21,
          "16": 0.928,
          "17": 0.548,
          "18": 0.266,
          "19": 0.0,
          "20": 0.0,
          "21": 0.0
        },
        "degmin_hi": {
          "10": 1.451,
          "11": 1.644,
          "12": 1.763,
          "13": 2.282,
          "14": 2.276,
          "15": 2.174,
          "16": 1.843,
          "17": 1.394,
          "18": 1.051,
          "19": 0.503,
          "20": 0.0,
          "21": 0.0
        },
        "wbgt": {
          "10": 31.99,
          "11": 32.67,
          "12": 33.07,
          "13": 35.76,
          "14": 35.81,
          "15": 34.66,
          "16": 33.45,
          "17": 31.85,
          "18": 30.65,
          "19": 28.68,
          "20": 26.58,
          "21": 26.09
        },
        "shade_frac": {
          "10": 0.0,
          "11": 0.0,
          "12": 0.0,
          "13": 0.0,
          "14": 0.0,
          "15": 0.0,
          "16": 0.0,
          "17": 0.0,
          "18": 0.0,
          "19": 0.0,
          "20": 0.364,
          "21": 1.0
        },
        "fans": 32499,
        "svi": 0.7561,
        "canopy_pct": 0.0,
        "treatable": [
          "awning",
          "sail",
          "tree"
        ]
      }
    },
    {
      "type": "Feature",
      "geometry": {
        "type": "LineString",
        "coordinates": [
          [
            -95.41466275548453,
            29.678340782444568
          ],
          [
            -95.41445638421091,
            29.67834856743548
          ]
        ]
      },
      "properties": {
        "id": "nrg_lot_c_path_14",
        "name": "NRG Lot C access path",
        "len_m": 20.0,
        "approach": "lot_c",
        "degmin": {
          "10": 1.017,
          "11": 1.189,
          "12": 1.293,
          "13": 1.983,
          "14": 1.995,
          "15": 1.7,
          "16": 1.389,
          "17": 0.981,
          "18": 0.672,
          "19": 0.167,
          "20": 0.0,
          "21": 0.0
        },
        "degmin_lo": {
          "10": 0.55,
          "11": 0.729,
          "12": 0.845,
          "13": 1.456,
          "14": 1.466,
          "15": 1.202,
          "16": 0.921,
          "17": 0.541,
          "18": 0.258,
          "19": 0.0,
          "20": 0.0,
          "21": 0.0
        },
        "degmin_hi": {
          "10": 1.444,
          "11": 1.637,
          "12": 1.756,
          "13": 2.275,
          "14": 2.268,
          "15": 2.167,
          "16": 1.836,
          "17": 1.386,
          "18": 1.043,
          "19": 0.495,
          "20": 0.0,
          "21": 0.0
        },
        "wbgt": {
          "10": 31.96,
          "11": 32.64,
          "12": 33.04,
          "13": 35.73,
          "14": 35.78,
          "15": 34.63,
          "16": 33.42,
          "17": 31.82,
          "18": 30.62,
          "19": 28.65,
          "20": 26.57,
          "21": 26.06
        },
        "shade_frac": {
          "10": 0.0,
          "11": 0.0,
          "12": 0.0,
          "13": 0.0,
          "14": 0.0,
          "15": 0.0,
          "16": 0.0,
          "17": 0.0,
          "18": 0.0,
          "19": 0.0,
          "20": 0.0,
          "21": 1.0
        },
        "fans": 32499,
        "svi": 0.7561,
        "canopy_pct": 0.0,
        "treatable": [
          "awning",
          "sail",
          "tree"
        ]
      }
    },
    {
      "type": "Feature",
      "geometry": {
        "type": "LineString",
        "coordinates": [
          [
            -95.41445638421091,
            29.67834856743548
          ],
          [
            -95.41425001288174,
            29.678356352106352
          ]
        ]
      },
      "properties": {
        "id": "nrg_lot_c_path_15",
        "name": "NRG Lot C access path",
        "len_m": 20.0,
        "approach": "lot_c",
        "degmin": {
          "10": 1.01,
          "11": 1.183,
          "12": 1.287,
          "13": 1.976,
          "14": 1.988,
          "15": 1.693,
          "16": 1.383,
          "17": 0.974,
          "18": 0.665,
          "19": 0.16,
          "20": 0.0,
          "21": 0.0
        },
        "degmin_lo": {
          "10": 0.543,
          "11": 0.722,
          "12": 0.838,
          "13": 1.45,
          "14": 1.46,
          "15": 1.195,
          "16": 0.914,
          "17": 0.534,
          "18": 0.251,
          "19": 0.0,
          "20": 0.0,
          "21": 0.0
        },
        "degmin_hi": {
          "10": 1.437,
          "11": 1.63,
          "12": 1.75,
          "13": 2.269,
          "14": 2.262,
          "15": 2.161,
          "16": 1.829,
          "17": 1.38,
          "18": 1.036,
          "19": 0.488,
          "20": 0.0,
          "21": 0.0
        },
        "wbgt": {
          "10": 31.94,
          "11": 32.61,
          "12": 33.02,
          "13": 35.71,
          "14": 35.75,
          "15": 34.6,
          "16": 33.39,
          "17": 31.8,
          "18": 30.6,
          "19": 28.62,
          "20": 26.55,
          "21": 26.03
        },
        "shade_frac": {
          "10": 0.0,
          "11": 0.0,
          "12": 0.0,
          "13": 0.0,
          "14": 0.0,
          "15": 0.0,
          "16": 0.0,
          "17": 0.0,
          "18": 0.0,
          "19": 0.0,
          "20": 0.0,
          "21": 1.0
        },
        "fans": 32499,
        "svi": 0.7561,
        "canopy_pct": 0.0,
        "treatable": [
          "awning",
          "sail",
          "tree"
        ]
      }
    },
    {
      "type": "Feature",
      "geometry": {
        "type": "LineString",
        "coordinates": [
          [
            -95.41425001288174,
            29.678356352106352
          ],
          [
            -95.4141427,
            29.6783604
          ],
          [
            -95.41404364213214,
            29.67836414927547
          ]
        ]
      },
      "properties": {
        "id": "nrg_lot_c_path_16",
        "name": "NRG Lot C access path",
        "len_m": 20.0,
        "approach": "lot_c",
        "degmin": {
          "10": 1.003,
          "11": 1.176,
          "12": 1.28,
          "13": 1.97,
          "14": 1.982,
          "15": 1.687,
          "16": 1.376,
          "17": 0.967,
          "18": 0.659,
          "19": 0.153,
          "20": 0.0,
          "21": 0.0
        },
        "degmin_lo": {
          "10": 0.536,
          "11": 0.715,
          "12": 0.832,
          "13": 1.443,
          "14": 1.453,
          "15": 1.188,
          "16": 0.907,
          "17": 0.527,
          "18": 0.244,
          "19": 0.0,
          "20": 0.0,
          "21": 0.0
        },
        "degmin_hi": {
          "10": 1.43,
          "11": 1.623,
          "12": 1.743,
          "13": 2.262,
          "14": 2.256,
          "15": 2.154,
          "16": 1.823,
          "17": 1.373,
          "18": 1.03,
          "19": 0.481,
          "20": 0.0,
          "21": 0.0
        },
        "wbgt": {
          "10": 31.91,
          "11": 32.59,
          "12": 32.99,
          "13": 35.68,
          "14": 35.73,
          "15": 34.58,
          "16": 33.37,
          "17": 31.77,
          "18": 30.57,
          "19": 28.6,
          "20": 26.52,
          "21": 26.0
        },
        "shade_frac": {
          "10": 0.0,
          "11": 0.0,
          "12": 0.0,
          "13": 0.0,
          "14": 0.0,
          "15": 0.0,
          "16": 0.0,
          "17": 0.0,
          "18": 0.0,
          "19": 0.0,
          "20": 0.0,
          "21": 1.0
        },
        "fans": 32499,
        "svi": 0.7561,
        "canopy_pct": 0.0,
        "treatable": [
          "awning",
          "sail",
          "tree"
        ]
      }
    },
    {
      "type": "Feature",
      "geometry": {
        "type": "LineString",
        "coordinates": [
          [
            -95.41404364213214,
            29.67836414927547
          ],
          [
            -95.41383727201499,
            29.678371960010974
          ]
        ]
      },
      "properties": {
        "id": "nrg_lot_c_path_17",
        "name": "NRG Lot C access path",
        "len_m": 20.0,
        "approach": "lot_c",
        "degmin": {
          "10": 0.997,
          "11": 1.17,
          "12": 1.274,
          "13": 1.964,
          "14": 1.976,
          "15": 1.681,
          "16": 1.37,
          "17": 0.961,
          "18": 0.652,
          "19": 0.147,
          "20": 0.0,
          "21": 0.0
        },
        "degmin_lo": {
          "10": 0.53,
          "11": 0.709,
          "12": 0.826,
          "13": 1.437,
          "14": 1.447,
          "15": 1.182,
          "16": 0.901,
          "17": 0.521,
          "18": 0.238,
          "19": 0.0,
          "20": 0.0,
          "21": 0.0
        },
        "degmin_hi": {
          "10": 1.425,
          "11": 1.618,
          "12": 1.737,
          "13": 2.257,
          "14": 2.25,
          "15": 2.148,
          "16": 1.817,
          "17": 1.367,
          "18": 1.024,
          "19": 0.475,
          "20": 0.0,
          "21": 0.0
        },
        "wbgt": {
          "10": 31.89,
          "11": 32.56,
          "12": 32.97,
          "13": 35.66,
          "14": 35.7,
          "15": 34.55,
          "16": 33.34,
          "17": 31.75,
          "18": 30.54,
          "19": 28.57,
          "20": 26.49,
          "21": 25.98
        },
        "shade_frac": {
          "10": 0.0,
          "11": 0.0,
          "12": 0.0,
          "13": 0.0,
          "14": 0.0,
          "15": 0.0,
          "16": 0.0,
          "17": 0.0,
          "18": 0.0,
          "19": 0.0,
          "20": 0.0,
          "21": 1.0
        },
        "fans": 32499,
        "svi": 0.7561,
        "canopy_pct": 0.0,
        "treatable": [
          "awning",
          "sail",
          "tree"
        ]
      }
    },
    {
      "type": "Feature",
      "geometry": {
        "type": "LineString",
        "coordinates": [
          [
            -95.41383727201499,
            29.678371960010974
          ],
          [
            -95.4137226,
            29.678376300000004
          ],
          [
            -95.41363089070839,
            29.678379538319835
          ]
        ]
      },
      "properties": {
        "id": "nrg_lot_c_path_18",
        "name": "NRG Lot C access path",
        "len_m": 20.0,
        "approach": "lot_c",
        "degmin": {
          "10": 0.998,
          "11": 1.171,
          "12": 1.275,
          "13": 1.964,
          "14": 1.976,
          "15": 1.682,
          "16": 1.371,
          "17": 0.962,
          "18": 0.653,
          "19": 0.148,
          "20": 0.0,
          "21": 0.0
        },
        "degmin_lo": {
          "10": 0.531,
          "11": 0.71,
          "12": 0.827,
          "13": 1.438,
          "14": 1.448,
          "15": 1.183,
          "16": 0.902,
          "17": 0.522,
          "18": 0.239,
          "19": 0.0,
          "20": 0.0,
          "21": 0.0
        },
        "degmin_hi": {
          "10": 1.426,
          "11": 1.618,
          "12": 1.739,
          "13": 2.258,
          "14": 2.251,
          "15": 2.149,
          "16": 1.818,
          "17": 1.368,
          "18": 1.024,
          "19": 0.476,
          "20": 0.0,
          "21": 0.0
        },
        "wbgt": {
          "10": 31.89,
          "11": 32.57,
          "12": 32.97,
          "13": 35.66,
          "14": 35.71,
          "15": 34.56,
          "16": 33.35,
          "17": 31.75,
          "18": 30.55,
          "19": 28.58,
          "20": 26.5,
          "21": 25.98
        },
        "shade_frac": {
          "10": 0.0,
          "11": 0.0,
          "12": 0.0,
          "13": 0.0,
          "14": 0.0,
          "15": 0.0,
          "16": 0.0,
          "17": 0.0,
          "18": 0.0,
          "19": 0.0,
          "20": 0.0,
          "21": 1.0
        },
        "fans": 32499,
        "svi": 0.7561,
        "canopy_pct": 0.0,
        "treatable": [
          "awning",
          "sail",
          "tree"
        ]
      }
    },
    {
      "type": "Feature",
      "geometry": {
        "type": "LineString",
        "coordinates": [
          [
            -95.41363089070839,
            29.678379538319835
          ],
          [
            -95.41342449542448,
            29.678386826050396
          ]
        ]
      },
      "properties": {
        "id": "nrg_lot_c_path_19",
        "name": "NRG Lot C access path",
        "len_m": 20.0,
        "approach": "lot_c",
        "degmin": {
          "10": 1.001,
          "11": 1.174,
          "12": 1.278,
          "13": 1.967,
          "14": 1.979,
          "15": 1.684,
          "16": 1.374,
          "17": 0.965,
          "18": 0.656,
          "19": 0.151,
          "20": 0.0,
          "21": 0.0
        },
        "degmin_lo": {
          "10": 0.534,
          "11": 0.713,
          "12": 0.83,
          "13": 1.44,
          "14": 1.451,
          "15": 1.186,
          "16": 0.905,
          "17": 0.524,
          "18": 0.242,
          "19": 0.0,
          "20": 0.0,
          "21": 0.0
        },
        "degmin_hi": {
          "10": 1.428,
          "11": 1.621,
          "12": 1.741,
          "13": 2.261,
          "14": 2.254,
          "15": 2.152,
          "16": 1.821,
          "17": 1.371,
          "18": 1.027,
          "19": 0.479,
          "20": 0.0,
          "21": 0.0
        },
        "wbgt": {
          "10": 31.9,
          "11": 32.58,
          "12": 32.99,
          "13": 35.67,
          "14": 35.72,
          "15": 34.57,
          "16": 33.36,
          "17": 31.76,
          "18": 30.56,
          "19": 28.59,
          "20": 26.51,
          "21": 25.99
        },
        "shade_frac": {
          "10": 0.0,
          "11": 0.0,
          "12": 0.0,
          "13": 0.0,
          "14": 0.0,
          "15": 0.0,
          "16": 0.0,
          "17": 0.0,
          "18": 0.0,
          "19": 0.0,
          "20": 0.0,
          "21": 1.0
        },
        "fans": 32499,
        "svi": 0.7561,
        "canopy_pct": 0.0,
        "treatable": [
          "awning",
          "sail",
          "tree"
        ]
      }
    },
    {
      "type": "Feature",
      "geometry": {
        "type": "LineString",
        "coordinates": [
          [
            -95.41342449542448,
            29.678386826050396
          ],
          [
            -95.4133431,
            29.678389699999993
          ],
          [
            -95.4132286,
            29.678395300000002
          ],
          [
            -95.41321818909847,
            29.67839573115352
          ]
        ]
      },
      "properties": {
        "id": "nrg_lot_c_path_20",
        "name": "NRG Lot C access path",
        "len_m": 20.0,
        "approach": "lot_c",
        "degmin": {
          "10": 1.004,
          "11": 1.177,
          "12": 1.282,
          "13": 1.97,
          "14": 1.982,
          "15": 1.688,
          "16": 1.378,
          "17": 0.968,
          "18": 0.659,
          "19": 0.154,
          "20": 0.0,
          "21": 0.0
        },
        "degmin_lo": {
          "10": 0.537,
          "11": 0.716,
          "12": 0.833,
          "13": 1.444,
          "14": 1.454,
          "15": 1.19,
          "16": 0.909,
          "17": 0.528,
          "18": 0.245,
          "19": 0.0,
          "20": 0.0,
          "21": 0.0
        },
        "degmin_hi": {
          "10": 1.432,
          "11": 1.624,
          "12": 1.745,
          "13": 2.264,
          "14": 2.257,
          "15": 2.155,
          "16": 1.824,
          "17": 1.374,
          "18": 1.03,
          "19": 0.483,
          "20": 0.0,
          "21": 0.0
        },
        "wbgt": {
          "10": 31.92,
          "11": 32.59,
          "12": 33.0,
          "13": 35.68,
          "14": 35.73,
          "15": 34.58,
          "16": 33.37,
          "17": 31.78,
          "18": 30.57,
          "19": 28.6,
          "20": 26.52,
          "21": 26.01
        },
        "shade_frac": {
          "10": 0.0,
          "11": 0.0,
          "12": 0.0,
          "13": 0.0,
          "14": 0.0,
          "15": 0.0,
          "16": 0.0,
          "17": 0.0,
          "18": 0.0,
          "19": 0.0,
          "20": 0.0,
          "21": 1.0
        },
        "fans": 32499,
        "svi": 0.7561,
        "canopy_pct": 0.0,
        "treatable": [
          "awning",
          "sail",
          "tree"
        ]
      }
    },
    {
      "type": "Feature",
      "geometry": {
        "type": "LineString",
        "coordinates": [
          [
            -95.41321818909847,
            29.67839573115352
          ],
          [
            -95.41301185697088,
            29.678404275952328
          ]
        ]
      },
      "properties": {
        "id": "nrg_lot_c_path_21",
        "name": "NRG Lot C access path",
        "len_m": 20.0,
        "approach": "lot_c",
        "degmin": {
          "10": 1.004,
          "11": 1.177,
          "12": 1.282,
          "13": 1.97,
          "14": 1.982,
          "15": 1.688,
          "16": 1.378,
          "17": 0.968,
          "18": 0.659,
          "19": 0.154,
          "20": 0.0,
          "21": 0.0
        },
        "degmin_lo": {
          "10": 0.537,
          "11": 0.716,
          "12": 0.833,
          "13": 1.444,
          "14": 1.454,
          "15": 1.19,
          "16": 0.909,
          "17": 0.528,
          "18": 0.245,
          "19": 0.0,
          "20": 0.0,
          "21": 0.0
        },
        "degmin_hi": {
          "10": 1.432,
          "11": 1.624,
          "12": 1.745,
          "13": 2.265,
          "14": 2.258,
          "15": 2.155,
          "16": 1.824,
          "17": 1.374,
          "18": 1.03,
          "19": 0.483,
          "20": 0.0,
          "21": 0.0
        },
        "wbgt": {
          "10": 31.92,
          "11": 32.59,
          "12": 33.0,
          "13": 35.68,
          "14": 35.73,
          "15": 34.58,
          "16": 33.37,
          "17": 31.78,
          "18": 30.57,
          "19": 28.6,
          "20": 26.52,
          "21": 26.01
        },
        "shade_frac": {
          "10": 0.0,
          "11": 0.0,
          "12": 0.0,
          "13": 0.0,
          "14": 0.0,
          "15": 0.0,
          "16": 0.0,
          "17": 0.0,
          "18": 0.0,
          "19": 0.0,
          "20": 0.0,
          "21": 1.0
        },
        "fans": 32499,
        "svi": 0.7561,
        "canopy_pct": 0.0,
        "treatable": [
          "awning",
          "sail",
          "tree"
        ]
      }
    },
    {
      "type": "Feature",
      "geometry": {
        "type": "LineString",
        "coordinates": [
          [
            -95.41301185697088,
            29.678404275952328
          ],
          [
            -95.41280552478467,
            29.678412820431404
          ]
        ]
      },
      "properties": {
        "id": "nrg_lot_c_path_22",
        "name": "NRG Lot C access path",
        "len_m": 20.0,
        "approach": "lot_c",
        "degmin": {
          "10": 1.004,
          "11": 1.177,
          "12": 1.282,
          "13": 1.97,
          "14": 1.982,
          "15": 1.687,
          "16": 1.378,
          "17": 0.968,
          "18": 0.659,
          "19": 0.154,
          "20": 0.0,
          "21": 0.0
        },
        "degmin_lo": {
          "10": 0.537,
          "11": 0.716,
          "12": 0.833,
          "13": 1.443,
          "14": 1.454,
          "15": 1.189,
          "16": 0.909,
          "17": 0.527,
          "18": 0.245,
          "19": 0.0,
          "20": 0.0,
          "21": 0.0
        },
        "degmin_hi": {
          "10": 1.431,
          "11": 1.624,
          "12": 1.745,
          "13": 2.265,
          "14": 2.257,
          "15": 2.155,
          "16": 1.824,
          "17": 1.373,
          "18": 1.03,
          "19": 0.482,
          "20": 0.0,
          "21": 0.0
        },
        "wbgt": {
          "10": 31.92,
          "11": 32.59,
          "12": 33.0,
          "13": 35.68,
          "14": 35.73,
          "15": 34.58,
          "16": 33.37,
          "17": 31.77,
          "18": 30.57,
          "19": 28.6,
          "20": 26.52,
          "21": 26.0
        },
        "shade_frac": {
          "10": 0.0,
          "11": 0.0,
          "12": 0.0,
          "13": 0.0,
          "14": 0.0,
          "15": 0.0,
          "16": 0.0,
          "17": 0.0,
          "18": 0.0,
          "19": 0.0,
          "20": 0.0,
          "21": 1.0
        },
        "fans": 32499,
        "svi": 0.7561,
        "canopy_pct": 7.6,
        "treatable": [
          "awning",
          "sail",
          "tree"
        ]
      }
    },
    {
      "type": "Feature",
      "geometry": {
        "type": "LineString",
        "coordinates": [
          [
            -95.41280552478467,
            29.678412820431404
          ],
          [
            -95.4126732,
            29.678418300000004
          ],
          [
            -95.4126283,
            29.678436300000005
          ],
          [
            -95.41260766023683,
            29.678448124426797
          ]
        ]
      },
      "properties": {
        "id": "nrg_lot_c_path_23",
        "name": "NRG Lot C access path",
        "len_m": 20.0,
        "approach": "lot_c",
        "degmin": {
          "10": 1.004,
          "11": 1.177,
          "12": 1.282,
          "13": 1.97,
          "14": 1.982,
          "15": 1.688,
          "16": 1.378,
          "17": 0.968,
          "18": 0.659,
          "19": 0.154,
          "20": 0.0,
          "21": 0.0
        },
        "degmin_lo": {
          "10": 0.537,
          "11": 0.716,
          "12": 0.833,
          "13": 1.443,
          "14": 1.454,
          "15": 1.19,
          "16": 0.909,
          "17": 0.528,
          "18": 0.245,
          "19": 0.0,
          "20": 0.0,
          "21": 0.0
        },
        "degmin_hi": {
          "10": 1.431,
          "11": 1.624,
          "12": 1.745,
          "13": 2.265,
          "14": 2.258,
          "15": 2.155,
          "16": 1.825,
          "17": 1.374,
          "18": 1.03,
          "19": 0.483,
          "20": 0.0,
          "21": 0.0
        },
        "wbgt": {
          "10": 31.92,
          "11": 32.59,
          "12": 33.0,
          "13": 35.68,
          "14": 35.73,
          "15": 34.58,
          "16": 33.37,
          "17": 31.77,
          "18": 30.57,
          "19": 28.6,
          "20": 26.52,
          "21": 26.0
        },
        "shade_frac": {
          "10": 0.0,
          "11": 0.0,
          "12": 0.0,
          "13": 0.0,
          "14": 0.0,
          "15": 0.0,
          "16": 0.0,
          "17": 0.0,
          "18": 0.0,
          "19": 0.0,
          "20": 0.0,
          "21": 1.0
        },
        "fans": 32499,
        "svi": 0.7561,
        "canopy_pct": 19.0,
        "treatable": [
          "awning",
          "sail",
          "tree"
        ]
      }
    },
    {
      "type": "Feature",
      "geometry": {
        "type": "LineString",
        "coordinates": [
          [
            -95.41260766023683,
            29.678448124426797
          ],
          [
            -95.4125796,
            29.678464199999997
          ],
          [
            -95.4125623,
            29.678478699999996
          ],
          [
            -95.4125416,
            29.6785031
          ],
          [
            -95.4125238,
            29.6785506
          ],
          [
            -95.41252412480088,
            29.67860038858272
          ]
        ]
      },
      "properties": {
        "id": "nrg_lot_c_path_24",
        "name": "NRG Lot C access path",
        "len_m": 20.0,
        "approach": "lot_c",
        "degmin": {
          "10": 1.006,
          "11": 1.179,
          "12": 1.284,
          "13": 1.972,
          "14": 1.984,
          "15": 1.69,
          "16": 1.38,
          "17": 0.97,
          "18": 0.661,
          "19": 0.156,
          "20": 0.0,
          "21": 0.0
        },
        "degmin_lo": {
          "10": 0.539,
          "11": 0.718,
          "12": 0.835,
          "13": 1.445,
          "14": 1.456,
          "15": 1.192,
          "16": 0.911,
          "17": 0.53,
          "18": 0.247,
          "19": 0.0,
          "20": 0.0,
          "21": 0.0
        },
        "degmin_hi": {
          "10": 1.433,
          "11": 1.626,
          "12": 1.747,
          "13": 2.267,
          "14": 2.26,
          "15": 2.157,
          "16": 1.827,
          "17": 1.376,
          "18": 1.032,
          "19": 0.485,
          "20": 0.0,
          "21": 0.0
        },
        "wbgt": {
          "10": 31.92,
          "11": 32.6,
          "12": 33.01,
          "13": 35.69,
          "14": 35.74,
          "15": 34.59,
          "16": 33.38,
          "17": 31.78,
          "18": 30.58,
          "19": 28.61,
          "20": 26.53,
          "21": 26.01
        },
        "shade_frac": {
          "10": 0.0,
          "11": 0.0,
          "12": 0.0,
          "13": 0.0,
          "14": 0.0,
          "15": 0.0,
          "16": 0.0,
          "17": 0.0,
          "18": 0.0,
          "19": 0.0,
          "20": 0.0,
          "21": 1.0
        },
        "fans": 32499,
        "svi": 0.7561,
        "canopy_pct": 3.8,
        "treatable": [
          "awning",
          "sail",
          "tree"
        ]
      }
    },
    {
      "type": "Feature",
      "geometry": {
        "type": "LineString",
        "coordinates": [
          [
            -95.41252412480088,
            29.67860038858272
          ],
          [
            -95.41252530152461,
            29.678780765296764
          ]
        ]
      },
      "properties": {
        "id": "nrg_lot_c_path_25",
        "name": "NRG Lot C access path",
        "len_m": 20.0,
        "approach": "lot_c",
        "degmin": {
          "10": 1.012,
          "11": 1.185,
          "12": 1.29,
          "13": 1.978,
          "14": 1.99,
          "15": 1.696,
          "16": 1.386,
          "17": 0.976,
          "18": 0.667,
          "19": 0.162,
          "20": 0.0,
          "21": 0.0
        },
        "degmin_lo": {
          "10": 0.546,
          "11": 0.724,
          "12": 0.842,
          "13": 1.451,
          "14": 1.462,
          "15": 1.198,
          "16": 0.918,
          "17": 0.536,
          "18": 0.253,
          "19": 0.0,
          "20": 0.0,
          "21": 0.0
        },
        "degmin_hi": {
          "10": 1.439,
          "11": 1.632,
          "12": 1.753,
          "13": 2.273,
          "14": 2.266,
          "15": 2.163,
          "16": 1.833,
          "17": 1.382,
          "18": 1.038,
          "19": 0.491,
          "20": 0.0,
          "21": 0.0
        },
        "wbgt": {
          "10": 31.95,
          "11": 32.62,
          "12": 33.03,
          "13": 35.71,
          "14": 35.76,
          "15": 34.61,
          "16": 33.41,
          "17": 31.81,
          "18": 30.6,
          "19": 28.63,
          "20": 26.56,
          "21": 26.04
        },
        "shade_frac": {
          "10": 0.0,
          "11": 0.0,
          "12": 0.0,
          "13": 0.0,
          "14": 0.0,
          "15": 0.0,
          "16": 0.0,
          "17": 0.0,
          "18": 0.0,
          "19": 0.0,
          "20": 0.0,
          "21": 1.0
        },
        "fans": 32499,
        "svi": 0.7561,
        "canopy_pct": 0.0,
        "treatable": [
          "awning",
          "sail",
          "tree"
        ]
      }
    },
    {
      "type": "Feature",
      "geometry": {
        "type": "LineString",
        "coordinates": [
          [
            -95.41252530152461,
            29.678780765296764
          ],
          [
            -95.41252647827633,
            29.6789611420061
          ]
        ]
      },
      "properties": {
        "id": "nrg_lot_c_path_26",
        "name": "NRG Lot C access path",
        "len_m": 20.0,
        "approach": "lot_c",
        "degmin": {
          "10": 1.021,
          "11": 1.193,
          "12": 1.298,
          "13": 1.986,
          "14": 1.998,
          "15": 1.704,
          "16": 1.394,
          "17": 0.985,
          "18": 0.676,
          "19": 0.171,
          "20": 0.0,
          "21": 0.0
        },
        "degmin_lo": {
          "10": 0.554,
          "11": 0.733,
          "12": 0.85,
          "13": 1.46,
          "14": 1.47,
          "15": 1.206,
          "16": 0.926,
          "17": 0.545,
          "18": 0.262,
          "19": 0.0,
          "20": 0.0,
          "21": 0.0
        },
        "degmin_hi": {
          "10": 1.448,
          "11": 1.64,
          "12": 1.761,
          "13": 2.281,
          "14": 2.274,
          "15": 2.171,
          "16": 1.841,
          "17": 1.39,
          "18": 1.047,
          "19": 0.499,
          "20": 0.0,
          "21": 0.0
        },
        "wbgt": {
          "10": 31.98,
          "11": 32.65,
          "12": 33.06,
          "13": 35.75,
          "14": 35.79,
          "15": 34.65,
          "16": 33.44,
          "17": 31.84,
          "18": 30.64,
          "19": 28.67,
          "20": 26.55,
          "21": 26.07
        },
        "shade_frac": {
          "10": 0.0,
          "11": 0.0,
          "12": 0.0,
          "13": 0.0,
          "14": 0.0,
          "15": 0.0,
          "16": 0.0,
          "17": 0.0,
          "18": 0.0,
          "19": 0.0,
          "20": 0.636,
          "21": 1.0
        },
        "fans": 32499,
        "svi": 0.7561,
        "canopy_pct": 0.0,
        "treatable": [
          "awning",
          "sail",
          "tree"
        ]
      }
    },
    {
      "type": "Feature",
      "geometry": {
        "type": "LineString",
        "coordinates": [
          [
            -95.41252647827633,
            29.6789611420061
          ],
          [
            -95.4125266,
            29.678979800000008
          ],
          [
            -95.4125206,
            29.679094299999992
          ],
          [
            -95.41251603360772,
            29.67914123243251
          ]
        ]
      },
      "properties": {
        "id": "nrg_lot_c_path_27",
        "name": "NRG Lot C access path",
        "len_m": 20.0,
        "approach": "lot_c",
        "degmin": {
          "10": 1.032,
          "11": 1.204,
          "12": 1.309,
          "13": 1.996,
          "14": 2.009,
          "15": 1.715,
          "16": 1.405,
          "17": 0.995,
          "18": 0.687,
          "19": 0.182,
          "20": 0.0,
          "21": 0.0
        },
        "degmin_lo": {
          "10": 0.565,
          "11": 0.744,
          "12": 0.861,
          "13": 1.471,
          "14": 1.481,
          "15": 1.217,
          "16": 0.937,
          "17": 0.556,
          "18": 0.273,
          "19": 0.0,
          "20": 0.0,
          "21": 0.0
        },
        "degmin_hi": {
          "10": 1.458,
          "11": 1.651,
          "12": 1.772,
          "13": 2.291,
          "14": 2.284,
          "15": 2.181,
          "16": 1.851,
          "17": 1.401,
          "18": 1.057,
          "19": 0.51,
          "20": 0.0,
          "21": 0.0
        },
        "wbgt": {
          "10": 32.02,
          "11": 32.7,
          "12": 33.11,
          "13": 35.79,
          "14": 35.83,
          "15": 34.69,
          "16": 33.48,
          "17": 31.88,
          "18": 30.68,
          "19": 28.71,
          "20": 26.58,
          "21": 26.12
        },
        "shade_frac": {
          "10": 0.0,
          "11": 0.0,
          "12": 0.0,
          "13": 0.0,
          "14": 0.0,
          "15": 0.0,
          "16": 0.0,
          "17": 0.0,
          "18": 0.0,
          "19": 0.0,
          "20": 1.0,
          "21": 1.0
        },
        "fans": 32499,
        "svi": 0.7561,
        "canopy_pct": 0.0,
        "treatable": [
          "awning",
          "sail",
          "tree"
        ]
      }
    },
    {
      "type": "Feature",
      "geometry": {
        "type": "LineString",
        "coordinates": [
          [
            -95.41251603360772,
            29.67914123243251
          ],
          [
            -95.41249854616265,
            29.67932096451125
          ]
        ]
      },
      "properties": {
        "id": "nrg_lot_c_path_28",
        "name": "NRG Lot C access path",
        "len_m": 20.0,
        "approach": "lot_c",
        "degmin": {
          "10": 1.04,
          "11": 1.213,
          "12": 1.318,
          "13": 2.005,
          "14": 2.017,
          "15": 1.723,
          "16": 1.413,
          "17": 1.004,
          "18": 0.695,
          "19": 0.191,
          "20": 0.0,
          "21": 0.0
        },
        "degmin_lo": {
          "10": 0.574,
          "11": 0.752,
          "12": 0.87,
          "13": 1.479,
          "14": 1.49,
          "15": 1.226,
          "16": 0.946,
          "17": 0.564,
          "18": 0.282,
          "19": 0.0,
          "20": 0.0,
          "21": 0.0
        },
        "degmin_hi": {
          "10": 1.467,
          "11": 1.659,
          "12": 1.78,
          "13": 2.299,
          "14": 2.292,
          "15": 2.19,
          "16": 1.859,
          "17": 1.409,
          "18": 1.066,
          "19": 0.519,
          "20": 0.0,
          "21": 0.0
        },
        "wbgt": {
          "10": 32.06,
          "11": 32.73,
          "12": 33.14,
          "13": 35.82,
          "14": 35.87,
          "15": 34.72,
          "16": 33.51,
          "17": 31.92,
          "18": 30.71,
          "19": 28.75,
          "20": 26.61,
          "21": 26.15
        },
        "shade_frac": {
          "10": 0.0,
          "11": 0.0,
          "12": 0.0,
          "13": 0.0,
          "14": 0.0,
          "15": 0.0,
          "16": 0.0,
          "17": 0.0,
          "18": 0.0,
          "19": 0.0,
          "20": 1.0,
          "21": 1.0
        },
        "fans": 32499,
        "svi": 0.7561,
        "canopy_pct": 0.0,
        "treatable": [
          "awning",
          "sail",
          "tree"
        ]
      }
    },
    {
      "type": "Feature",
      "geometry": {
        "type": "LineString",
        "coordinates": [
          [
            -95.41249854616265,
            29.67932096451125
          ],
          [
            -95.4124936,
            29.679371799999995
          ],
          [
            -95.41249147560478,
            29.679501147681897
          ]
        ]
      },
      "properties": {
        "id": "nrg_lot_c_path_29",
        "name": "NRG Lot C access path",
        "len_m": 20.0,
        "approach": "lot_c",
        "degmin": {
          "10": 1.047,
          "11": 1.219,
          "12": 1.325,
          "13": 2.011,
          "14": 2.024,
          "15": 1.73,
          "16": 1.42,
          "17": 1.011,
          "18": 0.702,
          "19": 0.198,
          "20": 0.0,
          "21": 0.0
        },
        "degmin_lo": {
          "10": 0.581,
          "11": 0.76,
          "12": 0.877,
          "13": 1.486,
          "14": 1.496,
          "15": 1.233,
          "16": 0.953,
          "17": 0.571,
          "18": 0.289,
          "19": 0.0,
          "20": 0.0,
          "21": 0.0
        },
        "degmin_hi": {
          "10": 1.473,
          "11": 1.666,
          "12": 1.787,
          "13": 2.306,
          "14": 2.299,
          "15": 2.196,
          "16": 1.866,
          "17": 1.416,
          "18": 1.073,
          "19": 0.526,
          "20": 0.0,
          "21": 0.0
        },
        "wbgt": {
          "10": 32.08,
          "11": 32.76,
          "12": 33.17,
          "13": 35.84,
          "14": 35.89,
          "15": 34.75,
          "16": 33.54,
          "17": 31.94,
          "18": 30.74,
          "19": 28.77,
          "20": 26.66,
          "21": 26.18
        },
        "shade_frac": {
          "10": 0.0,
          "11": 0.0,
          "12": 0.0,
          "13": 0.0,
          "14": 0.0,
          "15": 0.0,
          "16": 0.0,
          "17": 0.0,
          "18": 0.0,
          "19": 0.0,
          "20": 0.636,
          "21": 1.0
        },
        "fans": 32499,
        "svi": 0.7561,
        "canopy_pct": 0.0,
        "treatable": [
          "awning",
          "sail",
          "tree"
        ]
      }
    },
    {
      "type": "Feature",
      "geometry": {
        "type": "LineString",
        "coordinates": [
          [
            -95.41249147560478,
            29.679501147681897
          ],
          [
            -95.41248851338129,
            29.67968150875599
          ]
        ]
      },
      "properties": {
        "id": "nrg_lot_c_path_30",
        "name": "NRG Lot C access path",
        "len_m": 20.0,
        "approach": "lot_c",
        "degmin": {
          "10": 1.053,
          "11": 1.225,
          "12": 1.331,
          "13": 2.017,
          "14": 2.03,
          "15": 1.736,
          "16": 1.426,
          "17": 1.017,
          "18": 0.709,
          "19": 0.205,
          "20": 0.0,
          "21": 0.0
        },
        "degmin_lo": {
          "10": 0.587,
          "11": 0.766,
          "12": 0.883,
          "13": 1.492,
          "14": 1.503,
          "15": 1.239,
          "16": 0.959,
          "17": 0.578,
          "18": 0.295,
          "19": 0.0,
          "20": 0.0,
          "21": 0.0
        },
        "degmin_hi": {
          "10": 1.479,
          "11": 1.672,
          "12": 1.793,
          "13": 2.312,
          "14": 2.305,
          "15": 2.202,
          "16": 1.872,
          "17": 1.422,
          "18": 1.079,
          "19": 0.532,
          "20": 0.0,
          "21": 0.0
        },
        "wbgt": {
          "10": 32.11,
          "11": 32.78,
          "12": 33.19,
          "13": 35.87,
          "14": 35.92,
          "15": 34.77,
          "16": 33.56,
          "17": 31.97,
          "18": 30.76,
          "19": 28.8,
          "20": 26.73,
          "21": 26.21
        },
        "shade_frac": {
          "10": 0.0,
          "11": 0.0,
          "12": 0.0,
          "13": 0.0,
          "14": 0.0,
          "15": 0.0,
          "16": 0.0,
          "17": 0.0,
          "18": 0.0,
          "19": 0.0,
          "20": 0.0,
          "21": 1.0
        },
        "fans": 32499,
        "svi": 0.7561,
        "canopy_pct": 0.0,
        "treatable": [
          "awning",
          "sail",
          "tree"
        ]
      }
    },
    {
      "type": "Feature",
      "geometry": {
        "type": "LineString",
        "coordinates": [
          [
            -95.41248851338129,
            29.67968150875599
          ],
          [
            -95.41248555117097,
            29.679861869826144
          ]
        ]
      },
      "properties": {
        "id": "nrg_lot_c_path_31",
        "name": "NRG Lot C access path",
        "len_m": 20.0,
        "approach": "lot_c",
        "degmin": {
          "10": 1.057,
          "11": 1.229,
          "12": 1.334,
          "13": 2.021,
          "14": 2.033,
          "15": 1.739,
          "16": 1.43,
          "17": 1.021,
          "18": 0.712,
          "19": 0.209,
          "20": 0.0,
          "21": 0.0
        },
        "degmin_lo": {
          "10": 0.591,
          "11": 0.77,
          "12": 0.887,
          "13": 1.495,
          "14": 1.506,
          "15": 1.243,
          "16": 0.963,
          "17": 0.581,
          "18": 0.299,
          "19": 0.0,
          "20": 0.0,
          "21": 0.0
        },
        "degmin_hi": {
          "10": 1.483,
          "11": 1.675,
          "12": 1.796,
          "13": 2.315,
          "14": 2.308,
          "15": 2.206,
          "16": 1.876,
          "17": 1.425,
          "18": 1.082,
          "19": 0.536,
          "20": 0.0,
          "21": 0.0
        },
        "wbgt": {
          "10": 32.12,
          "11": 32.79,
          "12": 33.2,
          "13": 35.88,
          "14": 35.93,
          "15": 34.78,
          "16": 33.58,
          "17": 31.98,
          "18": 30.78,
          "19": 28.81,
          "20": 26.7,
          "21": 26.22
        },
        "shade_frac": {
          "10": 0.0,
          "11": 0.0,
          "12": 0.0,
          "13": 0.0,
          "14": 0.0,
          "15": 0.0,
          "16": 0.0,
          "17": 0.0,
          "18": 0.0,
          "19": 0.0,
          "20": 0.636,
          "21": 1.0
        },
        "fans": 32499,
        "svi": 0.7561,
        "canopy_pct": 0.0,
        "treatable": [
          "awning",
          "sail",
          "tree"
        ]
      }
    },
    {
      "type": "Feature",
      "geometry": {
        "type": "LineString",
        "coordinates": [
          [
            -95.41248555117097,
            29.679861869826144
          ],
          [
            -95.41248258897386,
            29.68004223089234
          ]
        ]
      },
      "properties": {
        "id": "nrg_lot_c_path_32",
        "name": "NRG Lot C access path",
        "len_m": 20.0,
        "approach": "lot_c",
        "degmin": {
          "10": 1.056,
          "11": 1.228,
          "12": 1.333,
          "13": 2.019,
          "14": 2.032,
          "15": 1.738,
          "16": 1.429,
          "17": 1.019,
          "18": 0.711,
          "19": 0.207,
          "20": 0.0,
          "21": 0.0
        },
        "degmin_lo": {
          "10": 0.59,
          "11": 0.768,
          "12": 0.885,
          "13": 1.494,
          "14": 1.505,
          "15": 1.241,
          "16": 0.961,
          "17": 0.58,
          "18": 0.298,
          "19": 0.0,
          "20": 0.0,
          "21": 0.0
        },
        "degmin_hi": {
          "10": 1.482,
          "11": 1.674,
          "12": 1.795,
          "13": 2.314,
          "14": 2.307,
          "15": 2.204,
          "16": 1.874,
          "17": 1.424,
          "18": 1.081,
          "19": 0.534,
          "20": 0.0,
          "21": 0.0
        },
        "wbgt": {
          "10": 32.12,
          "11": 32.79,
          "12": 33.2,
          "13": 35.88,
          "14": 35.93,
          "15": 34.78,
          "16": 33.57,
          "17": 31.98,
          "18": 30.77,
          "19": 28.81,
          "20": 26.68,
          "21": 26.22
        },
        "shade_frac": {
          "10": 0.0,
          "11": 0.0,
          "12": 0.0,
          "13": 0.0,
          "14": 0.0,
          "15": 0.0,
          "16": 0.0,
          "17": 0.0,
          "18": 0.0,
          "19": 0.0,
          "20": 1.0,
          "21": 1.0
        },
        "fans": 32499,
        "svi": 0.7561,
        "canopy_pct": 0.0,
        "treatable": [
          "awning",
          "sail",
          "tree"
        ]
      }
    },
    {
      "type": "Feature",
      "geometry": {
        "type": "LineString",
        "coordinates": [
          [
            -95.41248258897386,
            29.68004223089234
          ],
          [
            -95.41247962678995,
            29.6802225919546
          ]
        ]
      },
      "properties": {
        "id": "nrg_lot_c_path_33",
        "name": "NRG Lot C access path",
        "len_m": 20.0,
        "approach": "lot_c",
        "degmin": {
          "10": 1.047,
          "11": 1.219,
          "12": 1.324,
          "13": 2.011,
          "14": 2.024,
          "15": 1.73,
          "16": 1.42,
          "17": 1.011,
          "18": 0.702,
          "19": 0.198,
          "20": 0.0,
          "21": 0.0
        },
        "degmin_lo": {
          "10": 0.581,
          "11": 0.759,
          "12": 0.877,
          "13": 1.485,
          "14": 1.496,
          "15": 1.233,
          "16": 0.953,
          "17": 0.571,
          "18": 0.289,
          "19": 0.0,
          "20": 0.0,
          "21": 0.0
        },
        "degmin_hi": {
          "10": 1.473,
          "11": 1.666,
          "12": 1.787,
          "13": 2.305,
          "14": 2.299,
          "15": 2.196,
          "16": 1.866,
          "17": 1.416,
          "18": 1.073,
          "19": 0.526,
          "20": 0.0,
          "21": 0.0
        },
        "wbgt": {
          "10": 32.08,
          "11": 32.76,
          "12": 33.17,
          "13": 35.84,
          "14": 35.89,
          "15": 34.75,
          "16": 33.54,
          "17": 31.94,
          "18": 30.74,
          "19": 28.77,
          "20": 26.64,
          "21": 26.18
        },
        "shade_frac": {
          "10": 0.0,
          "11": 0.0,
          "12": 0.0,
          "13": 0.0,
          "14": 0.0,
          "15": 0.0,
          "16": 0.0,
          "17": 0.0,
          "18": 0.0,
          "19": 0.0,
          "20": 1.0,
          "21": 1.0
        },
        "fans": 32499,
        "svi": 0.7561,
        "canopy_pct": 0.0,
        "treatable": [
          "awning",
          "sail",
          "tree"
        ]
      }
    },
    {
      "type": "Feature",
      "geometry": {
        "type": "LineString",
        "coordinates": [
          [
            -95.41247962678995,
            29.6802225919546
          ],
          [
            -95.4124785,
            29.6802912
          ],
          [
            -95.4124359,
            29.68028599999999
          ],
          [
            -95.41235092625118,
            29.680286629105805
          ]
        ]
      },
      "properties": {
        "id": "nrg_lot_c_path_34",
        "name": "NRG Lot C access path",
        "len_m": 20.0,
        "approach": "lot_c",
        "degmin": {
          "10": 1.041,
          "11": 1.213,
          "12": 1.319,
          "13": 2.005,
          "14": 2.018,
          "15": 1.724,
          "16": 1.414,
          "17": 1.005,
          "18": 0.696,
          "19": 0.192,
          "20": 0.0,
          "21": 0.0
        },
        "degmin_lo": {
          "10": 0.575,
          "11": 0.753,
          "12": 0.871,
          "13": 1.48,
          "14": 1.49,
          "15": 1.227,
          "16": 0.947,
          "17": 0.565,
          "18": 0.283,
          "19": 0.0,
          "20": 0.0,
          "21": 0.0
        },
        "degmin_hi": {
          "10": 1.467,
          "11": 1.66,
          "12": 1.781,
          "13": 2.3,
          "14": 2.293,
          "15": 2.19,
          "16": 1.86,
          "17": 1.41,
          "18": 1.067,
          "19": 0.52,
          "20": 0.0,
          "21": 0.0
        },
        "wbgt": {
          "10": 32.06,
          "11": 32.73,
          "12": 33.14,
          "13": 35.82,
          "14": 35.87,
          "15": 34.72,
          "16": 33.52,
          "17": 31.92,
          "18": 30.72,
          "19": 28.75,
          "20": 26.63,
          "21": 26.16
        },
        "shade_frac": {
          "10": 0.0,
          "11": 0.0,
          "12": 0.0,
          "13": 0.0,
          "14": 0.0,
          "15": 0.0,
          "16": 0.0,
          "17": 0.0,
          "18": 0.0,
          "19": 0.0,
          "20": 0.818,
          "21": 1.0
        },
        "fans": 32499,
        "svi": 0.7561,
        "canopy_pct": 0.0,
        "treatable": [
          "awning",
          "sail",
          "tree"
        ]
      }
    },
    {
      "type": "Feature",
      "geometry": {
        "type": "LineString",
        "coordinates": [
          [
            -95.41235092625118,
            29.680286629105805
          ],
          [
            -95.4122603,
            29.680287299999996
          ],
          [
            -95.412260189287,
            29.680388539935308
          ]
        ]
      },
      "properties": {
        "id": "nrg_lot_c_path_35",
        "name": "NRG Lot C access path",
        "len_m": 20.0,
        "approach": "lot_c",
        "degmin": {
          "10": 1.034,
          "11": 1.206,
          "12": 1.311,
          "13": 1.998,
          "14": 2.011,
          "15": 1.716,
          "16": 1.407,
          "17": 0.997,
          "18": 0.689,
          "19": 0.185,
          "20": 0.0,
          "21": 0.0
        },
        "degmin_lo": {
          "10": 0.567,
          "11": 0.746,
          "12": 0.863,
          "13": 1.472,
          "14": 1.483,
          "15": 1.219,
          "16": 0.939,
          "17": 0.558,
          "18": 0.275,
          "19": 0.0,
          "20": 0.0,
          "21": 0.0
        },
        "degmin_hi": {
          "10": 1.46,
          "11": 1.653,
          "12": 1.774,
          "13": 2.293,
          "14": 2.286,
          "15": 2.183,
          "16": 1.853,
          "17": 1.402,
          "18": 1.059,
          "19": 0.512,
          "20": 0.0,
          "21": 0.0
        },
        "wbgt": {
          "10": 32.03,
          "11": 32.7,
          "12": 33.11,
          "13": 35.79,
          "14": 35.84,
          "15": 34.69,
          "16": 33.49,
          "17": 31.89,
          "18": 30.69,
          "19": 28.72,
          "20": 26.65,
          "21": 26.13
        },
        "shade_frac": {
          "10": 0.0,
          "11": 0.0,
          "12": 0.0,
          "13": 0.0,
          "14": 0.0,
          "15": 0.0,
          "16": 0.0,
          "17": 0.0,
          "18": 0.0,
          "19": 0.0,
          "20": 0.0,
          "21": 1.0
        },
        "fans": 32499,
        "svi": 0.2809,
        "canopy_pct": 0.0,
        "treatable": [
          "awning",
          "sail",
          "tree"
        ]
      }
    },
    {
      "type": "Feature",
      "geometry": {
        "type": "LineString",
        "coordinates": [
          [
            -95.412260189287,
            29.680388539935308
          ],
          [
            -95.41225999204727,
            29.680568919476208
          ]
        ]
      },
      "properties": {
        "id": "nrg_lot_c_path_36",
        "name": "NRG Lot C access path",
        "len_m": 20.0,
        "approach": "lot_c",
        "degmin": {
          "10": 1.03,
          "11": 1.203,
          "12": 1.308,
          "13": 1.995,
          "14": 2.008,
          "15": 1.713,
          "16": 1.404,
          "17": 0.994,
          "18": 0.686,
          "19": 0.181,
          "20": 0.0,
          "21": 0.0
        },
        "degmin_lo": {
          "10": 0.564,
          "11": 0.743,
          "12": 0.86,
          "13": 1.469,
          "14": 1.48,
          "15": 1.216,
          "16": 0.936,
          "17": 0.554,
          "18": 0.272,
          "19": 0.0,
          "20": 0.0,
          "21": 0.0
        },
        "degmin_hi": {
          "10": 1.457,
          "11": 1.65,
          "12": 1.771,
          "13": 2.29,
          "14": 2.283,
          "15": 2.18,
          "16": 1.85,
          "17": 1.399,
          "18": 1.056,
          "19": 0.509,
          "20": 0.0,
          "21": 0.0
        },
        "wbgt": {
          "10": 32.02,
          "11": 32.69,
          "12": 33.1,
          "13": 35.78,
          "14": 35.83,
          "15": 34.68,
          "16": 33.47,
          "17": 31.88,
          "18": 30.67,
          "19": 28.71,
          "20": 26.63,
          "21": 26.11
        },
        "shade_frac": {
          "10": 0.0,
          "11": 0.0,
          "12": 0.0,
          "13": 0.0,
          "14": 0.0,
          "15": 0.0,
          "16": 0.0,
          "17": 0.0,
          "18": 0.0,
          "19": 0.0,
          "20": 0.0,
          "21": 1.0
        },
        "fans": 32499,
        "svi": 0.2809,
        "canopy_pct": 0.0,
        "treatable": [
          "awning",
          "sail",
          "tree"
        ]
      }
    },
    {
      "type": "Feature",
      "geometry": {
        "type": "LineString",
        "coordinates": [
          [
            -95.41225999204727,
            29.680568919476208
          ],
          [
            -95.4122597948306,
            29.680749299012668
          ]
        ]
      },
      "properties": {
        "id": "nrg_lot_c_path_37",
        "name": "NRG Lot C access path",
        "len_m": 20.0,
        "approach": "lot_c",
        "degmin": {
          "10": 1.027,
          "11": 1.199,
          "12": 1.304,
          "13": 1.991,
          "14": 2.004,
          "15": 1.71,
          "16": 1.4,
          "17": 0.99,
          "18": 0.682,
          "19": 0.178,
          "20": 0.0,
          "21": 0.0
        },
        "degmin_lo": {
          "10": 0.56,
          "11": 0.739,
          "12": 0.856,
          "13": 1.465,
          "14": 1.476,
          "15": 1.212,
          "16": 0.932,
          "17": 0.551,
          "18": 0.268,
          "19": 0.0,
          "20": 0.0,
          "21": 0.0
        },
        "degmin_hi": {
          "10": 1.453,
          "11": 1.646,
          "12": 1.767,
          "13": 2.286,
          "14": 2.279,
          "15": 2.176,
          "16": 1.846,
          "17": 1.396,
          "18": 1.052,
          "19": 0.505,
          "20": 0.0,
          "21": 0.0
        },
        "wbgt": {
          "10": 32.0,
          "11": 32.68,
          "12": 33.09,
          "13": 35.76,
          "14": 35.82,
          "15": 34.67,
          "16": 33.46,
          "17": 31.86,
          "18": 30.66,
          "19": 28.69,
          "20": 26.62,
          "21": 26.1
        },
        "shade_frac": {
          "10": 0.0,
          "11": 0.0,
          "12": 0.0,
          "13": 0.0,
          "14": 0.0,
          "15": 0.0,
          "16": 0.0,
          "17": 0.0,
          "18": 0.0,
          "19": 0.0,
          "20": 0.0,
          "21": 1.0
        },
        "fans": 32499,
        "svi": 0.2809,
        "canopy_pct": 0.0,
        "treatable": [
          "awning",
          "sail",
          "tree"
        ]
      }
    },
    {
      "type": "Feature",
      "geometry": {
        "type": "LineString",
        "coordinates": [
          [
            -95.4122597948306,
            29.680749299012668
          ],
          [
            -95.41225959763706,
            29.680929678544704
          ]
        ]
      },
      "properties": {
        "id": "nrg_lot_c_path_38",
        "name": "NRG Lot C access path",
        "len_m": 20.0,
        "approach": "lot_c",
        "degmin": {
          "10": 1.021,
          "11": 1.194,
          "12": 1.299,
          "13": 1.986,
          "14": 1.999,
          "15": 1.704,
          "16": 1.395,
          "17": 0.985,
          "18": 0.676,
          "19": 0.172,
          "20": 0.0,
          "21": 0.0
        },
        "degmin_lo": {
          "10": 0.555,
          "11": 0.733,
          "12": 0.851,
          "13": 1.46,
          "14": 1.471,
          "15": 1.207,
          "16": 0.927,
          "17": 0.545,
          "18": 0.263,
          "19": 0.0,
          "20": 0.0,
          "21": 0.0
        },
        "degmin_hi": {
          "10": 1.448,
          "11": 1.641,
          "12": 1.762,
          "13": 2.281,
          "14": 2.274,
          "15": 2.171,
          "16": 1.841,
          "17": 1.39,
          "18": 1.047,
          "19": 0.5,
          "20": 0.0,
          "21": 0.0
        },
        "wbgt": {
          "10": 31.98,
          "11": 32.66,
          "12": 33.07,
          "13": 35.74,
          "14": 35.8,
          "15": 34.65,
          "16": 33.44,
          "17": 31.84,
          "18": 30.64,
          "19": 28.67,
          "20": 26.6,
          "21": 26.08
        },
        "shade_frac": {
          "10": 0.0,
          "11": 0.0,
          "12": 0.0,
          "13": 0.0,
          "14": 0.0,
          "15": 0.0,
          "16": 0.0,
          "17": 0.0,
          "18": 0.0,
          "19": 0.0,
          "20": 0.0,
          "21": 1.0
        },
        "fans": 32499,
        "svi": 0.2809,
        "canopy_pct": 0.0,
        "treatable": [
          "awning",
          "sail",
          "tree"
        ]
      }
    },
    {
      "type": "Feature",
      "geometry": {
        "type": "LineString",
        "coordinates": [
          [
            -95.41225959763706,
            29.680929678544704
          ],
          [
            -95.41225940046657,
            29.681110058072278
          ]
        ]
      },
      "properties": {
        "id": "nrg_lot_c_path_39",
        "name": "NRG Lot C access path",
        "len_m": 20.0,
        "approach": "lot_c",
        "degmin": {
          "10": 1.017,
          "11": 1.189,
          "12": 1.294,
          "13": 1.981,
          "14": 1.994,
          "15": 1.7,
          "16": 1.39,
          "17": 0.98,
          "18": 0.672,
          "19": 0.167,
          "20": 0.0,
          "21": 0.0
        },
        "degmin_lo": {
          "10": 0.55,
          "11": 0.728,
          "12": 0.846,
          "13": 1.455,
          "14": 1.466,
          "15": 1.202,
          "16": 0.922,
          "17": 0.54,
          "18": 0.258,
          "19": 0.0,
          "20": 0.0,
          "21": 0.0
        },
        "degmin_hi": {
          "10": 1.444,
          "11": 1.636,
          "12": 1.757,
          "13": 2.276,
          "14": 2.27,
          "15": 2.167,
          "16": 1.837,
          "17": 1.386,
          "18": 1.043,
          "19": 0.495,
          "20": 0.0,
          "21": 0.0
        },
        "wbgt": {
          "10": 31.97,
          "11": 32.64,
          "12": 33.05,
          "13": 35.73,
          "14": 35.78,
          "15": 34.63,
          "16": 33.42,
          "17": 31.82,
          "18": 30.62,
          "19": 28.65,
          "20": 26.58,
          "21": 26.06
        },
        "shade_frac": {
          "10": 0.0,
          "11": 0.0,
          "12": 0.0,
          "13": 0.0,
          "14": 0.0,
          "15": 0.0,
          "16": 0.0,
          "17": 0.0,
          "18": 0.0,
          "19": 0.0,
          "20": 0.0,
          "21": 1.0
        },
        "fans": 32499,
        "svi": 0.2809,
        "canopy_pct": 0.0,
        "treatable": [
          "awning",
          "sail",
          "tree"
        ]
      }
    },
    {
      "type": "Feature",
      "geometry": {
        "type": "LineString",
        "coordinates": [
          [
            -95.41225940046657,
            29.681110058072278
          ],
          [
            -95.4122592033192,
            29.68129043759543
          ]
        ]
      },
      "properties": {
        "id": "nrg_lot_c_path_40",
        "name": "NRG Lot C access path",
        "len_m": 20.0,
        "approach": "lot_c",
        "degmin": {
          "10": 1.015,
          "11": 1.188,
          "12": 1.293,
          "13": 1.98,
          "14": 1.993,
          "15": 1.698,
          "16": 1.389,
          "17": 0.979,
          "18": 0.67,
          "19": 0.166,
          "20": 0.0,
          "21": 0.0
        },
        "degmin_lo": {
          "10": 0.548,
          "11": 0.727,
          "12": 0.844,
          "13": 1.453,
          "14": 1.465,
          "15": 1.2,
          "16": 0.92,
          "17": 0.539,
          "18": 0.256,
          "19": 0.0,
          "20": 0.0,
          "21": 0.0
        },
        "degmin_hi": {
          "10": 1.442,
          "11": 1.635,
          "12": 1.756,
          "13": 2.275,
          "14": 2.268,
          "15": 2.165,
          "16": 1.835,
          "17": 1.384,
          "18": 1.041,
          "19": 0.494,
          "20": 0.0,
          "21": 0.0
        },
        "wbgt": {
          "10": 31.96,
          "11": 32.63,
          "12": 33.04,
          "13": 35.72,
          "14": 35.77,
          "15": 34.62,
          "16": 33.42,
          "17": 31.82,
          "18": 30.61,
          "19": 28.65,
          "20": 26.57,
          "21": 26.05
        },
        "shade_frac": {
          "10": 0.0,
          "11": 0.0,
          "12": 0.0,
          "13": 0.0,
          "14": 0.0,
          "15": 0.0,
          "16": 0.0,
          "17": 0.0,
          "18": 0.0,
          "19": 0.0,
          "20": 0.0,
          "21": 1.0
        },
        "fans": 32499,
        "svi": 0.2809,
        "canopy_pct": 0.0,
        "treatable": [
          "awning",
          "sail",
          "tree"
        ]
      }
    },
    {
      "type": "Feature",
      "geometry": {
        "type": "LineString",
        "coordinates": [
          [
            -95.4122592033192,
            29.68129043759543
          ],
          [
            -95.41225900619489,
            29.681470817114143
          ]
        ]
      },
      "properties": {
        "id": "nrg_lot_c_path_41",
        "name": "NRG Lot C access path",
        "len_m": 20.0,
        "approach": "lot_c",
        "degmin": {
          "10": 1.007,
          "11": 1.179,
          "12": 1.284,
          "13": 1.971,
          "14": 1.984,
          "15": 1.69,
          "16": 1.38,
          "17": 0.97,
          "18": 0.662,
          "19": 0.157,
          "20": 0.0,
          "21": 0.0
        },
        "degmin_lo": {
          "10": 0.54,
          "11": 0.718,
          "12": 0.836,
          "13": 1.445,
          "14": 1.456,
          "15": 1.192,
          "16": 0.912,
          "17": 0.53,
          "18": 0.247,
          "19": 0.0,
          "20": 0.0,
          "21": 0.0
        },
        "degmin_hi": {
          "10": 1.434,
          "11": 1.626,
          "12": 1.747,
          "13": 2.266,
          "14": 2.26,
          "15": 2.157,
          "16": 1.827,
          "17": 1.376,
          "18": 1.033,
          "19": 0.485,
          "20": 0.0,
          "21": 0.0
        },
        "wbgt": {
          "10": 31.93,
          "11": 32.6,
          "12": 33.01,
          "13": 35.69,
          "14": 35.74,
          "15": 34.59,
          "16": 33.38,
          "17": 31.78,
          "18": 30.58,
          "19": 28.61,
          "20": 26.54,
          "21": 26.02
        },
        "shade_frac": {
          "10": 0.0,
          "11": 0.0,
          "12": 0.0,
          "13": 0.0,
          "14": 0.0,
          "15": 0.0,
          "16": 0.0,
          "17": 0.0,
          "18": 0.0,
          "19": 0.0,
          "20": 0.0,
          "21": 1.0
        },
        "fans": 32499,
        "svi": 0.2809,
        "canopy_pct": 0.0,
        "treatable": [
          "awning",
          "sail",
          "tree"
        ]
      }
    },
    {
      "type": "Feature",
      "geometry": {
        "type": "LineString",
        "coordinates": [
          [
            -95.41225900619489,
            29.681470817114143
          ],
          [
            -95.4122589,
            29.681568000000002
          ],
          [
            -95.41225882858211,
            29.681651196642928
          ]
        ]
      },
      "properties": {
        "id": "nrg_lot_c_path_42",
        "name": "NRG Lot C access path",
        "len_m": 20.0,
        "approach": "lot_c",
        "degmin": {
          "10": 0.994,
          "11": 1.166,
          "12": 1.272,
          "13": 1.959,
          "14": 1.972,
          "15": 1.677,
          "16": 1.368,
          "17": 0.958,
          "18": 0.649,
          "19": 0.144,
          "20": 0.0,
          "21": 0.0
        },
        "degmin_lo": {
          "10": 0.527,
          "11": 0.705,
          "12": 0.823,
          "13": 1.432,
          "14": 1.443,
          "15": 1.179,
          "16": 0.899,
          "17": 0.517,
          "18": 0.234,
          "19": 0.0,
          "20": 0.0,
          "21": 0.0
        },
        "degmin_hi": {
          "10": 1.421,
          "11": 1.614,
          "12": 1.735,
          "13": 2.254,
          "14": 2.248,
          "15": 2.145,
          "16": 1.815,
          "17": 1.363,
          "18": 1.02,
          "19": 0.473,
          "20": 0.0,
          "21": 0.0
        },
        "wbgt": {
          "10": 31.88,
          "11": 32.55,
          "12": 32.96,
          "13": 35.64,
          "14": 35.69,
          "15": 34.54,
          "16": 33.33,
          "17": 31.73,
          "18": 30.53,
          "19": 28.56,
          "20": 26.48,
          "21": 25.96
        },
        "shade_frac": {
          "10": 0.0,
          "11": 0.0,
          "12": 0.0,
          "13": 0.0,
          "14": 0.0,
          "15": 0.0,
          "16": 0.0,
          "17": 0.0,
          "18": 0.0,
          "19": 0.0,
          "20": 0.0,
          "21": 1.0
        },
        "fans": 32499,
        "svi": 0.2809,
        "canopy_pct": 0.0,
        "treatable": [
          "awning",
          "sail",
          "tree"
        ]
      }
    },
    {
      "type": "Feature",
      "geometry": {
        "type": "LineString",
        "coordinates": [
          [
            -95.41225882858211,
            29.681651196642928
          ],
          [
            -95.4122587,
            29.681801
          ],
          [
            -95.41225866206202,
            29.68183157617482
          ]
        ]
      },
      "properties": {
        "id": "kirby_drive_860",
        "name": "Kirby Drive",
        "len_m": 20.0,
        "approach": "lot_c",
        "degmin": {
          "10": 0.98,
          "11": 1.152,
          "12": 1.258,
          "13": 1.945,
          "14": 1.958,
          "15": 1.663,
          "16": 1.354,
          "17": 0.943,
          "18": 0.634,
          "19": 0.129,
          "20": 0.0,
          "21": 0.0
        },
        "degmin_lo": {
          "10": 0.512,
          "11": 0.691,
          "12": 0.808,
          "13": 1.418,
          "14": 1.429,
          "15": 1.165,
          "16": 0.884,
          "17": 0.503,
          "18": 0.22,
          "19": 0.0,
          "20": 0.0,
          "21": 0.0
        },
        "degmin_hi": {
          "10": 1.408,
          "11": 1.6,
          "12": 1.721,
          "13": 2.24,
          "14": 2.234,
          "15": 2.131,
          "16": 1.801,
          "17": 1.35,
          "18": 1.006,
          "19": 0.458,
          "20": 0.0,
          "21": 0.0
        },
        "wbgt": {
          "10": 31.82,
          "11": 32.49,
          "12": 32.9,
          "13": 35.58,
          "14": 35.64,
          "15": 34.49,
          "16": 33.28,
          "17": 31.68,
          "18": 30.47,
          "19": 28.5,
          "20": 26.43,
          "21": 25.9
        },
        "shade_frac": {
          "10": 0.0,
          "11": 0.0,
          "12": 0.0,
          "13": 0.0,
          "14": 0.0,
          "15": 0.0,
          "16": 0.0,
          "17": 0.0,
          "18": 0.0,
          "19": 0.0,
          "20": 0.0,
          "21": 1.0
        },
        "fans": 32499,
        "svi": 0.2809,
        "canopy_pct": 0.0,
        "treatable": [
          "awning",
          "sail",
          "tree"
        ]
      }
    },
    {
      "type": "Feature",
      "geometry": {
        "type": "LineString",
        "coordinates": [
          [
            -95.41225866206202,
            29.68183157617482
          ],
          [
            -95.41225843826611,
            29.682011955656435
          ]
        ]
      },
      "properties": {
        "id": "kirby_drive_880",
        "name": "Kirby Drive",
        "len_m": 20.0,
        "approach": "lot_c",
        "degmin": {
          "10": 0.965,
          "11": 1.138,
          "12": 1.243,
          "13": 1.931,
          "14": 1.944,
          "15": 1.649,
          "16": 1.339,
          "17": 0.929,
          "18": 0.62,
          "19": 0.114,
          "20": 0.0,
          "21": 0.0
        },
        "degmin_lo": {
          "10": 0.498,
          "11": 0.676,
          "12": 0.794,
          "13": 1.403,
          "14": 1.415,
          "15": 1.15,
          "16": 0.87,
          "17": 0.488,
          "18": 0.205,
          "19": 0.0,
          "20": 0.0,
          "21": 0.0
        },
        "degmin_hi": {
          "10": 1.394,
          "11": 1.586,
          "12": 1.707,
          "13": 2.226,
          "14": 2.22,
          "15": 2.118,
          "16": 1.787,
          "17": 1.336,
          "18": 0.992,
          "19": 0.444,
          "20": 0.0,
          "21": 0.0
        },
        "wbgt": {
          "10": 31.77,
          "11": 32.44,
          "12": 32.85,
          "13": 35.53,
          "14": 35.58,
          "15": 34.43,
          "16": 33.22,
          "17": 31.62,
          "18": 30.42,
          "19": 28.45,
          "20": 26.37,
          "21": 25.85
        },
        "shade_frac": {
          "10": 0.0,
          "11": 0.0,
          "12": 0.0,
          "13": 0.0,
          "14": 0.0,
          "15": 0.0,
          "16": 0.0,
          "17": 0.0,
          "18": 0.0,
          "19": 0.0,
          "20": 0.0,
          "21": 1.0
        },
        "fans": 32499,
        "svi": 0.2809,
        "canopy_pct": 0.0,
        "treatable": [
          "awning",
          "sail",
          "tree"
        ]
      }
    },
    {
      "type": "Feature",
      "geometry": {
        "type": "LineString",
        "coordinates": [
          [
            -95.41225843826611,
            29.682011955656435
          ],
          [
            -95.4122584,
            29.682042799999994
          ],
          [
            -95.4122691,
            29.682190499999997
          ],
          [
            -95.4122673368661,
            29.68219053582016
          ]
        ]
      },
      "properties": {
        "id": "kirby_drive_900",
        "name": "Kirby Drive",
        "len_m": 20.0,
        "approach": "lot_c",
        "degmin": {
          "10": 0.951,
          "11": 1.124,
          "12": 1.229,
          "13": 1.917,
          "14": 1.931,
          "15": 1.635,
          "16": 1.325,
          "17": 0.915,
          "18": 0.606,
          "19": 0.1,
          "20": 0.0,
          "21": 0.0
        },
        "degmin_lo": {
          "10": 0.483,
          "11": 0.662,
          "12": 0.78,
          "13": 1.389,
          "14": 1.401,
          "15": 1.136,
          "16": 0.855,
          "17": 0.474,
          "18": 0.191,
          "19": 0.0,
          "20": 0.0,
          "21": 0.0
        },
        "degmin_hi": {
          "10": 1.38,
          "11": 1.573,
          "12": 1.694,
          "13": 2.213,
          "14": 2.206,
          "15": 2.104,
          "16": 1.773,
          "17": 1.322,
          "18": 0.978,
          "19": 0.43,
          "20": 0.0,
          "21": 0.0
        },
        "wbgt": {
          "10": 31.71,
          "11": 32.38,
          "12": 32.79,
          "13": 35.48,
          "14": 35.53,
          "15": 34.38,
          "16": 33.17,
          "17": 31.57,
          "18": 30.36,
          "19": 28.39,
          "20": 26.31,
          "21": 25.79
        },
        "shade_frac": {
          "10": 0.0,
          "11": 0.0,
          "12": 0.0,
          "13": 0.0,
          "14": 0.0,
          "15": 0.0,
          "16": 0.0,
          "17": 0.0,
          "18": 0.0,
          "19": 0.0,
          "20": 0.0,
          "21": 1.0
        },
        "fans": 32499,
        "svi": 0.2809,
        "canopy_pct": 0.0,
        "treatable": [
          "awning",
          "sail",
          "tree"
        ]
      }
    },
    {
      "type": "Feature",
      "geometry": {
        "type": "LineString",
        "coordinates": [
          [
            -95.4122673368661,
            29.68219053582016
          ],
          [
            -95.4122248,
            29.682191399999997
          ],
          [
            -95.4122111,
            29.682191400000008
          ],
          [
            -95.4122181,
            29.682221500000004
          ],
          [
            -95.41222096914703,
            29.682322017648524
          ]
        ]
      },
      "properties": {
        "id": "nrg_lot_c_path_46",
        "name": "NRG Lot C access path",
        "len_m": 20.0,
        "approach": "lot_c",
        "degmin": {
          "10": 0.941,
          "11": 1.114,
          "12": 1.219,
          "13": 1.907,
          "14": 1.921,
          "15": 1.625,
          "16": 1.315,
          "17": 0.905,
          "18": 0.595,
          "19": 0.089,
          "20": 0.0,
          "21": 0.0
        },
        "degmin_lo": {
          "10": 0.473,
          "11": 0.651,
          "12": 0.769,
          "13": 1.379,
          "14": 1.391,
          "15": 1.126,
          "16": 0.845,
          "17": 0.463,
          "18": 0.18,
          "19": 0.0,
          "20": 0.0,
          "21": 0.0
        },
        "degmin_hi": {
          "10": 1.37,
          "11": 1.563,
          "12": 1.684,
          "13": 2.203,
          "14": 2.197,
          "15": 2.094,
          "16": 1.763,
          "17": 1.312,
          "18": 0.968,
          "19": 0.42,
          "20": 0.0,
          "21": 0.0
        },
        "wbgt": {
          "10": 31.67,
          "11": 32.34,
          "12": 32.76,
          "13": 35.44,
          "14": 35.49,
          "15": 34.34,
          "16": 33.13,
          "17": 31.53,
          "18": 30.32,
          "19": 28.35,
          "20": 26.27,
          "21": 25.74
        },
        "shade_frac": {
          "10": 0.0,
          "11": 0.0,
          "12": 0.0,
          "13": 0.0,
          "14": 0.0,
          "15": 0.0,
          "16": 0.0,
          "17": 0.0,
          "18": 0.0,
          "19": 0.0,
          "20": 0.0,
          "21": 1.0
        },
        "fans": 32499,
        "svi": 0.2809,
        "canopy_pct": 8.8,
        "treatable": [
          "awning",
          "sail",
          "tree"
        ]
      }
    },
    {
      "type": "Feature",
      "geometry": {
        "type": "LineString",
        "coordinates": [
          [
            -95.41222096914703,
            29.682322017648524
          ],
          [
            -95.412224,
            29.68242819999999
          ],
          [
            -95.41222583199117,
            29.682502346995875
          ]
        ]
      },
      "properties": {
        "id": "nrg_lot_c_path_47",
        "name": "NRG Lot C access path",
        "len_m": 20.0,
        "approach": "lot_c",
        "degmin": {
          "10": 0.928,
          "11": 1.101,
          "12": 1.206,
          "13": 1.894,
          "14": 1.908,
          "15": 1.612,
          "16": 1.302,
          "17": 0.892,
          "18": 0.582,
          "19": 0.076,
          "20": 0.0,
          "21": 0.0
        },
        "degmin_lo": {
          "10": 0.46,
          "11": 0.638,
          "12": 0.756,
          "13": 1.366,
          "14": 1.378,
          "15": 1.112,
          "16": 0.832,
          "17": 0.45,
          "18": 0.167,
          "19": 0.0,
          "20": 0.0,
          "21": 0.0
        },
        "degmin_hi": {
          "10": 1.357,
          "11": 1.55,
          "12": 1.671,
          "13": 2.19,
          "14": 2.184,
          "15": 2.082,
          "16": 1.751,
          "17": 1.299,
          "18": 0.955,
          "19": 0.406,
          "20": 0.0,
          "21": 0.0
        },
        "wbgt": {
          "10": 31.62,
          "11": 32.29,
          "12": 32.7,
          "13": 35.39,
          "14": 35.44,
          "15": 34.29,
          "16": 33.08,
          "17": 31.48,
          "18": 30.27,
          "19": 28.3,
          "20": 26.21,
          "21": 25.69
        },
        "shade_frac": {
          "10": 0.0,
          "11": 0.0,
          "12": 0.0,
          "13": 0.0,
          "14": 0.0,
          "15": 0.0,
          "16": 0.0,
          "17": 0.0,
          "18": 0.0,
          "19": 0.0,
          "20": 0.0,
          "21": 1.0
        },
        "fans": 32499,
        "svi": 0.2809,
        "canopy_pct": 6.6,
        "treatable": [
          "awning",
          "sail",
          "tree"
        ]
      }
    },
    {
      "type": "Feature",
      "geometry": {
        "type": "LineString",
        "coordinates": [
          [
            -95.41222583199117,
            29.682502346995875
          ],
          [
            -95.41223028772109,
            29.682682684603556
          ]
        ]
      },
      "properties": {
        "id": "nrg_lot_c_path_48",
        "name": "NRG Lot C access path",
        "len_m": 20.0,
        "approach": "lot_c",
        "degmin": {
          "10": 0.914,
          "11": 1.087,
          "12": 1.192,
          "13": 1.88,
          "14": 1.894,
          "15": 1.598,
          "16": 1.288,
          "17": 0.877,
          "18": 0.568,
          "19": 0.061,
          "20": 0.0,
          "21": 0.0
        },
        "degmin_lo": {
          "10": 0.445,
          "11": 0.623,
          "12": 0.742,
          "13": 1.352,
          "14": 1.363,
          "15": 1.098,
          "16": 0.817,
          "17": 0.435,
          "18": 0.152,
          "19": 0.0,
          "20": 0.0,
          "21": 0.0
        },
        "degmin_hi": {
          "10": 1.343,
          "11": 1.536,
          "12": 1.657,
          "13": 2.176,
          "14": 2.17,
          "15": 2.067,
          "16": 1.737,
          "17": 1.285,
          "18": 0.941,
          "19": 0.392,
          "20": 0.0,
          "21": 0.0
        },
        "wbgt": {
          "10": 31.56,
          "11": 32.24,
          "12": 32.65,
          "13": 35.33,
          "14": 35.39,
          "15": 34.23,
          "16": 33.02,
          "17": 31.42,
          "18": 30.21,
          "19": 28.24,
          "20": 26.16,
          "21": 25.63
        },
        "shade_frac": {
          "10": 0.0,
          "11": 0.0,
          "12": 0.0,
          "13": 0.0,
          "14": 0.0,
          "15": 0.0,
          "16": 0.0,
          "17": 0.0,
          "18": 0.0,
          "19": 0.0,
          "20": 0.0,
          "21": 1.0
        },
        "fans": 32499,
        "svi": 0.2809,
        "canopy_pct": 0.0,
        "treatable": [
          "awning",
          "sail",
          "tree"
        ]
      }
    },
    {
      "type": "Feature",
      "geometry": {
        "type": "LineString",
        "coordinates": [
          [
            -95.41223028772109,
            29.682682684603556
          ],
          [
            -95.41223474349071,
            29.68286302220572
          ]
        ]
      },
      "properties": {
        "id": "nrg_lot_c_path_49",
        "name": "NRG Lot C access path",
        "len_m": 20.0,
        "approach": "lot_c",
        "degmin": {
          "10": 0.9,
          "11": 1.073,
          "12": 1.179,
          "13": 1.867,
          "14": 1.881,
          "15": 1.585,
          "16": 1.275,
          "17": 0.864,
          "18": 0.554,
          "19": 0.047,
          "20": 0.0,
          "21": 0.0
        },
        "degmin_lo": {
          "10": 0.431,
          "11": 0.609,
          "12": 0.728,
          "13": 1.338,
          "14": 1.35,
          "15": 1.084,
          "16": 0.804,
          "17": 0.421,
          "18": 0.138,
          "19": 0.0,
          "20": 0.0,
          "21": 0.0
        },
        "degmin_hi": {
          "10": 1.33,
          "11": 1.523,
          "12": 1.644,
          "13": 2.163,
          "14": 2.157,
          "15": 2.054,
          "16": 1.724,
          "17": 1.272,
          "18": 0.927,
          "19": 0.378,
          "20": 0.0,
          "21": 0.0
        },
        "wbgt": {
          "10": 31.51,
          "11": 32.18,
          "12": 32.6,
          "13": 35.28,
          "14": 35.33,
          "15": 34.18,
          "16": 32.97,
          "17": 31.37,
          "18": 30.16,
          "19": 28.18,
          "20": 26.1,
          "21": 25.58
        },
        "shade_frac": {
          "10": 0.0,
          "11": 0.0,
          "12": 0.0,
          "13": 0.0,
          "14": 0.0,
          "15": 0.0,
          "16": 0.0,
          "17": 0.0,
          "18": 0.0,
          "19": 0.0,
          "20": 0.0,
          "21": 1.0
        },
        "fans": 32499,
        "svi": 0.2809,
        "canopy_pct": 8.8,
        "treatable": [
          "awning",
          "sail",
          "tree"
        ]
      }
    },
    {
      "type": "Feature",
      "geometry": {
        "type": "LineString",
        "coordinates": [
          [
            -95.41223474349071,
            29.68286302220572
          ],
          [
            -95.41223919930003,
            29.68304335980236
          ]
        ]
      },
      "properties": {
        "id": "nrg_lot_c_path_50",
        "name": "NRG Lot C access path",
        "len_m": 20.0,
        "approach": "lot_c",
        "degmin": {
          "10": 0.887,
          "11": 1.06,
          "12": 1.166,
          "13": 1.854,
          "14": 1.868,
          "15": 1.572,
          "16": 1.262,
          "17": 0.851,
          "18": 0.541,
          "19": 0.034,
          "20": 0.0,
          "21": 0.0
        },
        "degmin_lo": {
          "10": 0.418,
          "11": 0.596,
          "12": 0.715,
          "13": 1.325,
          "14": 1.337,
          "15": 1.071,
          "16": 0.79,
          "17": 0.408,
          "18": 0.125,
          "19": 0.0,
          "20": 0.0,
          "21": 0.0
        },
        "degmin_hi": {
          "10": 1.317,
          "11": 1.51,
          "12": 1.632,
          "13": 2.151,
          "14": 2.144,
          "15": 2.042,
          "16": 1.711,
          "17": 1.259,
          "18": 0.914,
          "19": 0.365,
          "20": 0.0,
          "21": 0.0
        },
        "wbgt": {
          "10": 31.46,
          "11": 32.13,
          "12": 32.55,
          "13": 35.23,
          "14": 35.29,
          "15": 34.13,
          "16": 32.92,
          "17": 31.32,
          "18": 30.11,
          "19": 28.13,
          "20": 26.05,
          "21": 25.53
        },
        "shade_frac": {
          "10": 0.0,
          "11": 0.0,
          "12": 0.0,
          "13": 0.0,
          "14": 0.0,
          "15": 0.0,
          "16": 0.0,
          "17": 0.0,
          "18": 0.0,
          "19": 0.0,
          "20": 0.0,
          "21": 1.0
        },
        "fans": 32499,
        "svi": 0.2809,
        "canopy_pct": 11.0,
        "treatable": [
          "awning",
          "sail",
          "tree"
        ]
      }
    },
    {
      "type": "Feature",
      "geometry": {
        "type": "LineString",
        "coordinates": [
          [
            -95.41223919930003,
            29.68304335980236
          ],
          [
            -95.41224365514906,
            29.683223697393483
          ]
        ]
      },
      "properties": {
        "id": "nrg_lot_c_path_51",
        "name": "NRG Lot C access path",
        "len_m": 20.0,
        "approach": "lot_c",
        "degmin": {
          "10": 0.875,
          "11": 1.048,
          "12": 1.153,
          "13": 1.842,
          "14": 1.856,
          "15": 1.56,
          "16": 1.25,
          "17": 0.838,
          "18": 0.528,
          "19": 0.021,
          "20": 0.0,
          "21": 0.0
        },
        "degmin_lo": {
          "10": 0.405,
          "11": 0.583,
          "12": 0.702,
          "13": 1.313,
          "14": 1.325,
          "15": 1.059,
          "16": 0.778,
          "17": 0.395,
          "18": 0.112,
          "19": 0.0,
          "20": 0.0,
          "21": 0.0
        },
        "degmin_hi": {
          "10": 1.305,
          "11": 1.498,
          "12": 1.62,
          "13": 2.139,
          "14": 2.132,
          "15": 2.03,
          "16": 1.699,
          "17": 1.247,
          "18": 0.902,
          "19": 0.353,
          "20": 0.0,
          "21": 0.0
        },
        "wbgt": {
          "10": 31.41,
          "11": 32.09,
          "12": 32.5,
          "13": 35.18,
          "14": 35.24,
          "15": 34.08,
          "16": 32.87,
          "17": 31.27,
          "18": 30.06,
          "19": 28.08,
          "20": 26.0,
          "21": 25.47
        },
        "shade_frac": {
          "10": 0.0,
          "11": 0.0,
          "12": 0.0,
          "13": 0.0,
          "14": 0.0,
          "15": 0.0,
          "16": 0.0,
          "17": 0.0,
          "18": 0.0,
          "19": 0.0,
          "20": 0.0,
          "21": 1.0
        },
        "fans": 32499,
        "svi": 0.2809,
        "canopy_pct": 11.0,
        "treatable": [
          "awning",
          "sail",
          "tree"
        ]
      }
    },
    {
      "type": "Feature",
      "geometry": {
        "type": "LineString",
        "coordinates": [
          [
            -95.41224365514906,
            29.683223697393483
          ],
          [
            -95.41224811103777,
            29.683404034979084
          ]
        ]
      },
      "properties": {
        "id": "nrg_lot_c_path_52",
        "name": "NRG Lot C access path",
        "len_m": 20.0,
        "approach": "lot_c",
        "degmin": {
          "10": 0.864,
          "11": 1.037,
          "12": 1.143,
          "13": 1.832,
          "14": 1.846,
          "15": 1.549,
          "16": 1.239,
          "17": 0.828,
          "18": 0.518,
          "19": 0.01,
          "20": 0.0,
          "21": 0.0
        },
        "degmin_lo": {
          "10": 0.394,
          "11": 0.572,
          "12": 0.691,
          "13": 1.302,
          "14": 1.314,
          "15": 1.048,
          "16": 0.767,
          "17": 0.384,
          "18": 0.101,
          "19": 0.0,
          "20": 0.0,
          "21": 0.0
        },
        "degmin_hi": {
          "10": 1.295,
          "11": 1.488,
          "12": 1.609,
          "13": 2.129,
          "14": 2.122,
          "15": 2.02,
          "16": 1.689,
          "17": 1.236,
          "18": 0.892,
          "19": 0.342,
          "20": 0.0,
          "21": 0.0
        },
        "wbgt": {
          "10": 31.37,
          "11": 32.04,
          "12": 32.46,
          "13": 35.14,
          "14": 35.2,
          "15": 34.04,
          "16": 32.83,
          "17": 31.23,
          "18": 30.02,
          "19": 28.04,
          "20": 25.95,
          "21": 25.43
        },
        "shade_frac": {
          "10": 0.0,
          "11": 0.0,
          "12": 0.0,
          "13": 0.0,
          "14": 0.0,
          "15": 0.0,
          "16": 0.0,
          "17": 0.0,
          "18": 0.0,
          "19": 0.0,
          "20": 0.0,
          "21": 1.0
        },
        "fans": 32499,
        "svi": 0.2809,
        "canopy_pct": 11.0,
        "treatable": [
          "awning",
          "sail",
          "tree"
        ]
      }
    },
    {
      "type": "Feature",
      "geometry": {
        "type": "LineString",
        "coordinates": [
          [
            -95.41224811103777,
            29.683404034979084
          ],
          [
            -95.41225256696617,
            29.683584372559167
          ]
        ]
      },
      "properties": {
        "id": "nrg_lot_c_path_53",
        "name": "NRG Lot C access path",
        "len_m": 20.0,
        "approach": "lot_c",
        "degmin": {
          "10": 0.248,
          "11": 1.028,
          "12": 1.134,
          "13": 1.823,
          "14": 1.837,
          "15": 1.54,
          "16": 1.23,
          "17": 0.818,
          "18": 0.509,
          "19": 0.002,
          "20": 0.0,
          "21": 0.0
        },
        "degmin_lo": {
          "10": 0.036,
          "11": 0.563,
          "12": 0.682,
          "13": 1.293,
          "14": 1.305,
          "15": 1.039,
          "16": 0.758,
          "17": 0.375,
          "18": 0.092,
          "19": 0.0,
          "20": 0.0,
          "21": 0.0
        },
        "degmin_hi": {
          "10": 0.599,
          "11": 1.479,
          "12": 1.6,
          "13": 2.12,
          "14": 2.113,
          "15": 2.011,
          "16": 1.68,
          "17": 1.228,
          "18": 0.883,
          "19": 0.333,
          "20": 0.0,
          "21": 0.0
        },
        "wbgt": {
          "10": 28.97,
          "11": 32.01,
          "12": 32.42,
          "13": 35.11,
          "14": 35.16,
          "15": 34.01,
          "16": 32.8,
          "17": 31.19,
          "18": 29.98,
          "19": 28.0,
          "20": 25.91,
          "21": 25.39
        },
        "shade_frac": {
          "10": 0.909,
          "11": 0.0,
          "12": 0.0,
          "13": 0.0,
          "14": 0.0,
          "15": 0.0,
          "16": 0.0,
          "17": 0.0,
          "18": 0.0,
          "19": 0.0,
          "20": 0.0,
          "21": 1.0
        },
        "fans": 32499,
        "svi": 0.2809,
        "canopy_pct": 12.2,
        "treatable": [
          "awning",
          "sail",
          "tree"
        ]
      }
    },
    {
      "type": "Feature",
      "geometry": {
        "type": "LineString",
        "coordinates": [
          [
            -95.41225256696617,
            29.683584372559167
          ],
          [
            -95.4122570229343,
            29.683764710133726
          ]
        ]
      },
      "properties": {
        "id": "nrg_lot_c_path_54",
        "name": "NRG Lot C access path",
        "len_m": 20.0,
        "approach": "lot_c",
        "degmin": {
          "10": 0.18,
          "11": 1.021,
          "12": 1.127,
          "13": 1.816,
          "14": 1.83,
          "15": 1.533,
          "16": 1.223,
          "17": 0.811,
          "18": 0.501,
          "19": 0.0,
          "20": 0.0,
          "21": 0.0
        },
        "degmin_lo": {
          "10": 0.0,
          "11": 0.556,
          "12": 0.675,
          "13": 1.285,
          "14": 1.298,
          "15": 1.031,
          "16": 0.75,
          "17": 0.368,
          "18": 0.084,
          "19": 0.0,
          "20": 0.0,
          "21": 0.0
        },
        "degmin_hi": {
          "10": 0.515,
          "11": 1.472,
          "12": 1.593,
          "13": 2.113,
          "14": 2.106,
          "15": 2.004,
          "16": 1.673,
          "17": 1.22,
          "18": 0.875,
          "19": 0.326,
          "20": 0.0,
          "21": 0.0
        },
        "wbgt": {
          "10": 28.7,
          "11": 31.98,
          "12": 32.39,
          "13": 35.08,
          "14": 35.14,
          "15": 33.98,
          "16": 32.77,
          "17": 31.16,
          "18": 29.95,
          "19": 27.98,
          "20": 25.89,
          "21": 25.36
        },
        "shade_frac": {
          "10": 1.0,
          "11": 0.0,
          "12": 0.0,
          "13": 0.0,
          "14": 0.0,
          "15": 0.0,
          "16": 0.0,
          "17": 0.0,
          "18": 0.0,
          "19": 0.0,
          "20": 0.0,
          "21": 1.0
        },
        "fans": 32499,
        "svi": 0.2809,
        "canopy_pct": 14.0,
        "treatable": [
          "awning",
          "sail",
          "tree"
        ]
      }
    },
    {
      "type": "Feature",
      "geometry": {
        "type": "LineString",
        "coordinates": [
          [
            -95.4122570229343,
            29.683764710133726
          ],
          [
            -95.4122598,
            29.683877100000004
          ]
        ]
      },
      "properties": {
        "id": "nrg_lot_c_path_55",
        "name": "NRG Lot C access path",
        "len_m": 12.5,
        "approach": "lot_c",
        "degmin": {
          "10": 0.11,
          "11": 0.505,
          "12": 0.7,
          "13": 1.129,
          "14": 1.138,
          "15": 0.953,
          "16": 0.76,
          "17": 0.503,
          "18": 0.31,
          "19": 0.0,
          "20": 0.0,
          "21": 0.0
        },
        "degmin_lo": {
          "10": 0.0,
          "11": 0.247,
          "12": 0.418,
          "13": 0.799,
          "14": 0.807,
          "15": 0.641,
          "16": 0.466,
          "17": 0.227,
          "18": 0.05,
          "19": 0.0,
          "20": 0.0,
          "21": 0.0
        },
        "degmin_hi": {
          "10": 0.319,
          "11": 0.764,
          "12": 0.991,
          "13": 1.315,
          "14": 1.311,
          "15": 1.247,
          "16": 1.041,
          "17": 0.759,
          "18": 0.544,
          "19": 0.201,
          "20": 0.0,
          "21": 0.0
        },
        "wbgt": {
          "10": 28.69,
          "11": 31.16,
          "12": 32.38,
          "13": 35.07,
          "14": 35.12,
          "15": 33.97,
          "16": 32.76,
          "17": 31.15,
          "18": 29.94,
          "19": 27.96,
          "20": 25.87,
          "21": 25.35
        },
        "shade_frac": {
          "10": 1.0,
          "11": 0.286,
          "12": 0.0,
          "13": 0.0,
          "14": 0.0,
          "15": 0.0,
          "16": 0.0,
          "17": 0.0,
          "18": 0.0,
          "19": 0.0,
          "20": 0.0,
          "21": 1.0
        },
        "fans": 32499,
        "svi": 0.2809,
        "canopy_pct": 14.0,
        "treatable": [
          "awning",
          "sail",
          "tree"
        ]
      }
    },
    {
      "type": "Feature",
      "geometry": {
        "type": "LineString",
        "coordinates": [
          [
            -95.4149663,
            29.6874985
          ],
          [
            -95.4149067,
            29.6876072
          ],
          [
            -95.41484805075075,
            29.68763820403737
          ]
        ]
      },
      "properties": {
        "id": "kirby_drive_rideshare_zone_path_0",
        "name": "Kirby Drive rideshare zone access path",
        "len_m": 20.0,
        "approach": "rideshare_kirby",
        "degmin": {
          "10": 0.896,
          "11": 1.069,
          "12": 1.173,
          "13": 1.862,
          "14": 1.877,
          "15": 1.58,
          "16": 1.269,
          "17": 0.86,
          "18": 0.552,
          "19": 0.043,
          "20": 0.0,
          "21": 0.0
        },
        "degmin_lo": {
          "10": 0.427,
          "11": 0.605,
          "12": 0.722,
          "13": 1.332,
          "14": 1.346,
          "15": 1.079,
          "16": 0.797,
          "17": 0.417,
          "18": 0.136,
          "19": 0.0,
          "20": 0.0,
          "21": 0.0
        },
        "degmin_hi": {
          "10": 1.326,
          "11": 1.519,
          "12": 1.638,
          "13": 2.154,
          "14": 2.15,
          "15": 2.05,
          "16": 1.718,
          "17": 1.268,
          "18": 0.925,
          "19": 0.375,
          "20": 0.0,
          "21": 0.0
        },
        "wbgt": {
          "10": 31.49,
          "11": 32.17,
          "12": 32.57,
          "13": 35.26,
          "14": 35.32,
          "15": 34.16,
          "16": 32.95,
          "17": 31.35,
          "18": 30.15,
          "19": 28.17,
          "20": 26.09,
          "21": 25.57
        },
        "shade_frac": {
          "10": 0.0,
          "11": 0.0,
          "12": 0.0,
          "13": 0.0,
          "14": 0.0,
          "15": 0.0,
          "16": 0.0,
          "17": 0.0,
          "18": 0.0,
          "19": 0.0,
          "20": 0.0,
          "21": 1.0
        },
        "fans": 10833,
        "svi": 0.6481,
        "canopy_pct": 0.0,
        "treatable": [
          "awning",
          "sail",
          "tree"
        ]
      }
    },
    {
      "type": "Feature",
      "geometry": {
        "type": "LineString",
        "coordinates": [
          [
            -95.41484805075075,
            29.68763820403737
          ],
          [
            -95.4147705,
            29.687679199999994
          ],
          [
            -95.41465458071,
            29.6876803343112
          ]
        ]
      },
      "properties": {
        "id": "kirby_drive_rideshare_zone_path_1",
        "name": "Kirby Drive rideshare zone access path",
        "len_m": 20.0,
        "approach": "rideshare_kirby",
        "degmin": {
          "10": 0.909,
          "11": 1.082,
          "12": 1.186,
          "13": 1.875,
          "14": 1.89,
          "15": 1.593,
          "16": 1.282,
          "17": 0.873,
          "18": 0.565,
          "19": 0.057,
          "20": 0.0,
          "21": 0.0
        },
        "degmin_lo": {
          "10": 0.44,
          "11": 0.619,
          "12": 0.736,
          "13": 1.346,
          "14": 1.359,
          "15": 1.093,
          "16": 0.811,
          "17": 0.431,
          "18": 0.15,
          "19": 0.0,
          "20": 0.0,
          "21": 0.0
        },
        "degmin_hi": {
          "10": 1.339,
          "11": 1.532,
          "12": 1.651,
          "13": 2.167,
          "14": 2.163,
          "15": 2.063,
          "16": 1.731,
          "17": 1.281,
          "18": 0.938,
          "19": 0.388,
          "20": 0.0,
          "21": 0.0
        },
        "wbgt": {
          "10": 31.55,
          "11": 32.22,
          "12": 32.63,
          "13": 35.31,
          "14": 35.37,
          "15": 34.21,
          "16": 33.0,
          "17": 31.41,
          "18": 30.21,
          "19": 28.22,
          "20": 26.14,
          "21": 25.62
        },
        "shade_frac": {
          "10": 0.0,
          "11": 0.0,
          "12": 0.0,
          "13": 0.0,
          "14": 0.0,
          "15": 0.0,
          "16": 0.0,
          "17": 0.0,
          "18": 0.0,
          "19": 0.0,
          "20": 0.0,
          "21": 1.0
        },
        "fans": 10833,
        "svi": 0.6481,
        "canopy_pct": 0.0,
        "treatable": [
          "awning",
          "sail",
          "tree"
        ]
      }
    },
    {
      "type": "Feature",
      "geometry": {
        "type": "LineString",
        "coordinates": [
          [
            -95.41465458071,
            29.6876803343112
          ],
          [
            -95.41444801081501,
            29.687682355418982
          ]
        ]
      },
      "properties": {
        "id": "kirby_drive_rideshare_zone_path_2",
        "name": "Kirby Drive rideshare zone access path",
        "len_m": 20.0,
        "approach": "rideshare_kirby",
        "degmin": {
          "10": 0.918,
          "11": 1.091,
          "12": 1.195,
          "13": 1.883,
          "14": 1.899,
          "15": 1.602,
          "16": 1.291,
          "17": 0.882,
          "18": 0.574,
          "19": 0.066,
          "20": 0.0,
          "21": 0.0
        },
        "degmin_lo": {
          "10": 0.449,
          "11": 0.628,
          "12": 0.745,
          "13": 1.354,
          "14": 1.368,
          "15": 1.102,
          "16": 0.82,
          "17": 0.44,
          "18": 0.159,
          "19": 0.0,
          "20": 0.0,
          "21": 0.0
        },
        "degmin_hi": {
          "10": 1.347,
          "11": 1.541,
          "12": 1.66,
          "13": 2.176,
          "14": 2.172,
          "15": 2.071,
          "16": 1.739,
          "17": 1.29,
          "18": 0.947,
          "19": 0.397,
          "20": 0.0,
          "21": 0.0
        },
        "wbgt": {
          "10": 31.58,
          "11": 32.26,
          "12": 32.66,
          "13": 35.35,
          "14": 35.41,
          "15": 34.25,
          "16": 33.03,
          "17": 31.44,
          "18": 30.24,
          "19": 28.26,
          "20": 26.18,
          "21": 25.66
        },
        "shade_frac": {
          "10": 0.0,
          "11": 0.0,
          "12": 0.0,
          "13": 0.0,
          "14": 0.0,
          "15": 0.0,
          "16": 0.0,
          "17": 0.0,
          "18": 0.0,
          "19": 0.0,
          "20": 0.0,
          "21": 1.0
        },
        "fans": 10833,
        "svi": 0.6481,
        "canopy_pct": 0.0,
        "treatable": [
          "awning",
          "sail",
          "tree"
        ]
      }
    },
    {
      "type": "Feature",
      "geometry": {
        "type": "LineString",
        "coordinates": [
          [
            -95.41444801081501,
            29.687682355418982
          ],
          [
            -95.4142799,
            29.687684
          ],
          [
            -95.41424500394075,
            29.687669878764044
          ]
        ]
      },
      "properties": {
        "id": "kirby_drive_rideshare_zone_path_3",
        "name": "Kirby Drive rideshare zone access path",
        "len_m": 20.0,
        "approach": "rideshare_kirby",
        "degmin": {
          "10": 0.926,
          "11": 1.099,
          "12": 1.203,
          "13": 1.891,
          "14": 1.906,
          "15": 1.609,
          "16": 1.298,
          "17": 0.89,
          "18": 0.582,
          "19": 0.074,
          "20": 0.0,
          "21": 0.0
        },
        "degmin_lo": {
          "10": 0.457,
          "11": 0.635,
          "12": 0.753,
          "13": 1.362,
          "14": 1.376,
          "15": 1.109,
          "16": 0.828,
          "17": 0.448,
          "18": 0.166,
          "19": 0.0,
          "20": 0.0,
          "21": 0.0
        },
        "degmin_hi": {
          "10": 1.355,
          "11": 1.548,
          "12": 1.668,
          "13": 2.183,
          "14": 2.179,
          "15": 2.079,
          "16": 1.747,
          "17": 1.297,
          "18": 0.954,
          "19": 0.405,
          "20": 0.0,
          "21": 0.0
        },
        "wbgt": {
          "10": 31.61,
          "11": 32.28,
          "12": 32.69,
          "13": 35.37,
          "14": 35.43,
          "15": 34.28,
          "16": 33.06,
          "17": 31.47,
          "18": 30.27,
          "19": 28.29,
          "20": 26.21,
          "21": 25.69
        },
        "shade_frac": {
          "10": 0.0,
          "11": 0.0,
          "12": 0.0,
          "13": 0.0,
          "14": 0.0,
          "15": 0.0,
          "16": 0.0,
          "17": 0.0,
          "18": 0.0,
          "19": 0.0,
          "20": 0.0,
          "21": 1.0
        },
        "fans": 10833,
        "svi": 0.6481,
        "canopy_pct": 0.0,
        "treatable": [
          "awning",
          "sail",
          "tree"
        ]
      }
    },
    {
      "type": "Feature",
      "geometry": {
        "type": "LineString",
        "coordinates": [
          [
            -95.41424500394075,
            29.687669878764044
          ],
          [
            -95.4141556,
            29.6876337
          ],
          [
            -95.41410038736777,
            29.687552608684243
          ]
        ]
      },
      "properties": {
        "id": "kirby_drive_rideshare_zone_path_4",
        "name": "Kirby Drive rideshare zone access path",
        "len_m": 20.0,
        "approach": "rideshare_kirby",
        "degmin": {
          "10": 0.926,
          "11": 1.099,
          "12": 1.204,
          "13": 1.891,
          "14": 1.907,
          "15": 1.61,
          "16": 1.299,
          "17": 0.891,
          "18": 0.583,
          "19": 0.075,
          "20": 0.0,
          "21": 0.0
        },
        "degmin_lo": {
          "10": 0.458,
          "11": 0.636,
          "12": 0.753,
          "13": 1.363,
          "14": 1.376,
          "15": 1.11,
          "16": 0.829,
          "17": 0.449,
          "18": 0.167,
          "19": 0.0,
          "20": 0.0,
          "21": 0.0
        },
        "degmin_hi": {
          "10": 1.355,
          "11": 1.549,
          "12": 1.669,
          "13": 2.184,
          "14": 2.18,
          "15": 2.079,
          "16": 1.748,
          "17": 1.298,
          "18": 0.955,
          "19": 0.405,
          "20": 0.0,
          "21": 0.0
        },
        "wbgt": {
          "10": 31.61,
          "11": 32.29,
          "12": 32.69,
          "13": 35.38,
          "14": 35.44,
          "15": 34.28,
          "16": 33.07,
          "17": 31.47,
          "18": 30.27,
          "19": 28.29,
          "20": 26.21,
          "21": 25.69
        },
        "shade_frac": {
          "10": 0.0,
          "11": 0.0,
          "12": 0.0,
          "13": 0.0,
          "14": 0.0,
          "15": 0.0,
          "16": 0.0,
          "17": 0.0,
          "18": 0.0,
          "19": 0.0,
          "20": 0.0,
          "21": 1.0
        },
        "fans": 10833,
        "svi": 0.6481,
        "canopy_pct": 0.0,
        "treatable": [
          "awning",
          "sail",
          "tree"
        ]
      }
    },
    {
      "type": "Feature",
      "geometry": {
        "type": "LineString",
        "coordinates": [
          [
            -95.41410038736777,
            29.687552608684243
          ],
          [
            -95.4140773,
            29.68751869999999
          ],
          [
            -95.414074,
            29.68743869999999
          ],
          [
            -95.41400427945077,
            29.687439170804442
          ]
        ]
      },
      "properties": {
        "id": "kirby_drive_rideshare_zone_path_5",
        "name": "Kirby Drive rideshare zone access path",
        "len_m": 20.0,
        "approach": "rideshare_kirby",
        "degmin": {
          "10": 0.916,
          "11": 1.089,
          "12": 1.193,
          "13": 1.881,
          "14": 1.897,
          "15": 1.6,
          "16": 1.289,
          "17": 0.88,
          "18": 0.572,
          "19": 0.064,
          "20": 0.0,
          "21": 0.0
        },
        "degmin_lo": {
          "10": 0.447,
          "11": 0.626,
          "12": 0.743,
          "13": 1.352,
          "14": 1.366,
          "15": 1.1,
          "16": 0.818,
          "17": 0.438,
          "18": 0.156,
          "19": 0.0,
          "20": 0.0,
          "21": 0.0
        },
        "degmin_hi": {
          "10": 1.345,
          "11": 1.539,
          "12": 1.659,
          "13": 2.174,
          "14": 2.17,
          "15": 2.069,
          "16": 1.738,
          "17": 1.288,
          "18": 0.945,
          "19": 0.395,
          "20": 0.0,
          "21": 0.0
        },
        "wbgt": {
          "10": 31.57,
          "11": 32.25,
          "12": 32.65,
          "13": 35.34,
          "14": 35.4,
          "15": 34.24,
          "16": 33.03,
          "17": 31.43,
          "18": 30.23,
          "19": 28.25,
          "20": 26.17,
          "21": 25.65
        },
        "shade_frac": {
          "10": 0.0,
          "11": 0.0,
          "12": 0.0,
          "13": 0.0,
          "14": 0.0,
          "15": 0.0,
          "16": 0.0,
          "17": 0.0,
          "18": 0.0,
          "19": 0.0,
          "20": 0.0,
          "21": 1.0
        },
        "fans": 10833,
        "svi": 0.6481,
        "canopy_pct": 0.0,
        "treatable": [
          "awning",
          "sail",
          "tree"
        ]
      }
    },
    {
      "type": "Feature",
      "geometry": {
        "type": "LineString",
        "coordinates": [
          [
            -95.41400427945077,
            29.687439170804442
          ],
          [
            -95.41379770318265,
            29.687440565543795
          ]
        ]
      },
      "properties": {
        "id": "kirby_drive_rideshare_zone_path_6",
        "name": "Kirby Drive rideshare zone access path",
        "len_m": 20.0,
        "approach": "rideshare_kirby",
        "degmin": {
          "10": 0.916,
          "11": 1.089,
          "12": 1.193,
          "13": 1.881,
          "14": 1.897,
          "15": 1.6,
          "16": 1.289,
          "17": 0.88,
          "18": 0.572,
          "19": 0.064,
          "20": 0.0,
          "21": 0.0
        },
        "degmin_lo": {
          "10": 0.447,
          "11": 0.625,
          "12": 0.743,
          "13": 1.352,
          "14": 1.366,
          "15": 1.1,
          "16": 0.818,
          "17": 0.438,
          "18": 0.156,
          "19": 0.0,
          "20": 0.0,
          "21": 0.0
        },
        "degmin_hi": {
          "10": 1.345,
          "11": 1.538,
          "12": 1.658,
          "13": 2.175,
          "14": 2.17,
          "15": 2.069,
          "16": 1.738,
          "17": 1.288,
          "18": 0.945,
          "19": 0.395,
          "20": 0.0,
          "21": 0.0
        },
        "wbgt": {
          "10": 31.57,
          "11": 32.25,
          "12": 32.65,
          "13": 35.34,
          "14": 35.4,
          "15": 34.24,
          "16": 33.03,
          "17": 31.43,
          "18": 30.23,
          "19": 28.25,
          "20": 26.17,
          "21": 25.65
        },
        "shade_frac": {
          "10": 0.0,
          "11": 0.0,
          "12": 0.0,
          "13": 0.0,
          "14": 0.0,
          "15": 0.0,
          "16": 0.0,
          "17": 0.0,
          "18": 0.0,
          "19": 0.0,
          "20": 0.0,
          "21": 1.0
        },
        "fans": 10833,
        "svi": 0.6481,
        "canopy_pct": 1.8,
        "treatable": [
          "awning",
          "sail",
          "tree"
        ]
      }
    },
    {
      "type": "Feature",
      "geometry": {
        "type": "LineString",
        "coordinates": [
          [
            -95.41379770318265,
            29.687440565543795
          ],
          [
            -95.41359112688502,
            29.68744195996095
          ]
        ]
      },
      "properties": {
        "id": "kirby_drive_rideshare_zone_path_7",
        "name": "Kirby Drive rideshare zone access path",
        "len_m": 20.0,
        "approach": "rideshare_kirby",
        "degmin": {
          "10": 0.92,
          "11": 1.093,
          "12": 1.197,
          "13": 1.885,
          "14": 1.9,
          "15": 1.604,
          "16": 1.293,
          "17": 0.884,
          "18": 0.576,
          "19": 0.068,
          "20": 0.0,
          "21": 0.0
        },
        "degmin_lo": {
          "10": 0.451,
          "11": 0.629,
          "12": 0.747,
          "13": 1.356,
          "14": 1.37,
          "15": 1.103,
          "16": 0.822,
          "17": 0.442,
          "18": 0.16,
          "19": 0.0,
          "20": 0.0,
          "21": 0.0
        },
        "degmin_hi": {
          "10": 1.349,
          "11": 1.542,
          "12": 1.662,
          "13": 2.178,
          "14": 2.174,
          "15": 2.073,
          "16": 1.742,
          "17": 1.292,
          "18": 0.948,
          "19": 0.399,
          "20": 0.0,
          "21": 0.0
        },
        "wbgt": {
          "10": 31.59,
          "11": 32.26,
          "12": 32.67,
          "13": 35.35,
          "14": 35.41,
          "15": 34.25,
          "16": 33.04,
          "17": 31.45,
          "18": 30.24,
          "19": 28.27,
          "20": 26.18,
          "21": 25.66
        },
        "shade_frac": {
          "10": 0.0,
          "11": 0.0,
          "12": 0.0,
          "13": 0.0,
          "14": 0.0,
          "15": 0.0,
          "16": 0.0,
          "17": 0.0,
          "18": 0.0,
          "19": 0.0,
          "20": 0.0,
          "21": 1.0
        },
        "fans": 10833,
        "svi": 0.6481,
        "canopy_pct": 9.0,
        "treatable": [
          "awning",
          "sail",
          "tree"
        ]
      }
    },
    {
      "type": "Feature",
      "geometry": {
        "type": "LineString",
        "coordinates": [
          [
            -95.41359112688502,
            29.68744195996095
          ],
          [
            -95.4134222,
            29.687443099999992
          ],
          [
            -95.4133885985547,
            29.68742826894465
          ]
        ]
      },
      "properties": {
        "id": "kirby_drive_rideshare_zone_path_8",
        "name": "Kirby Drive rideshare zone access path",
        "len_m": 20.0,
        "approach": "rideshare_kirby",
        "degmin": {
          "10": 0.922,
          "11": 1.095,
          "12": 1.2,
          "13": 1.887,
          "14": 1.903,
          "15": 1.606,
          "16": 1.296,
          "17": 0.886,
          "18": 0.578,
          "19": 0.071,
          "20": 0.0,
          "21": 0.0
        },
        "degmin_lo": {
          "10": 0.454,
          "11": 0.632,
          "12": 0.75,
          "13": 1.359,
          "14": 1.372,
          "15": 1.106,
          "16": 0.825,
          "17": 0.444,
          "18": 0.163,
          "19": 0.0,
          "20": 0.0,
          "21": 0.0
        },
        "degmin_hi": {
          "10": 1.352,
          "11": 1.545,
          "12": 1.665,
          "13": 2.181,
          "14": 2.177,
          "15": 2.075,
          "16": 1.744,
          "17": 1.294,
          "18": 0.951,
          "19": 0.401,
          "20": 0.0,
          "21": 0.0
        },
        "wbgt": {
          "10": 31.6,
          "11": 32.27,
          "12": 32.68,
          "13": 35.36,
          "14": 35.42,
          "15": 34.26,
          "16": 33.05,
          "17": 31.46,
          "18": 30.25,
          "19": 28.28,
          "20": 26.2,
          "21": 25.67
        },
        "shade_frac": {
          "10": 0.0,
          "11": 0.0,
          "12": 0.0,
          "13": 0.0,
          "14": 0.0,
          "15": 0.0,
          "16": 0.0,
          "17": 0.0,
          "18": 0.0,
          "19": 0.0,
          "20": 0.0,
          "21": 1.0
        },
        "fans": 10833,
        "svi": 0.6481,
        "canopy_pct": 3.6,
        "treatable": [
          "awning",
          "sail",
          "tree"
        ]
      }
    },
    {
      "type": "Feature",
      "geometry": {
        "type": "LineString",
        "coordinates": [
          [
            -95.4133885985547,
            29.68742826894465
          ],
          [
            -95.4132081,
            29.687348599999996
          ],
          [
            -95.41320749059467,
            29.687352345710586
          ]
        ]
      },
      "properties": {
        "id": "kirby_drive_rideshare_zone_path_9",
        "name": "Kirby Drive rideshare zone access path",
        "len_m": 20.0,
        "approach": "rideshare_kirby",
        "degmin": {
          "10": 0.921,
          "11": 1.093,
          "12": 1.198,
          "13": 1.885,
          "14": 1.901,
          "15": 1.604,
          "16": 1.294,
          "17": 0.884,
          "18": 0.576,
          "19": 0.069,
          "20": 0.0,
          "21": 0.0
        },
        "degmin_lo": {
          "10": 0.452,
          "11": 0.63,
          "12": 0.748,
          "13": 1.357,
          "14": 1.37,
          "15": 1.104,
          "16": 0.823,
          "17": 0.442,
          "18": 0.16,
          "19": 0.0,
          "20": 0.0,
          "21": 0.0
        },
        "degmin_hi": {
          "10": 1.35,
          "11": 1.543,
          "12": 1.663,
          "13": 2.18,
          "14": 2.175,
          "15": 2.073,
          "16": 1.742,
          "17": 1.292,
          "18": 0.949,
          "19": 0.399,
          "20": 0.0,
          "21": 0.0
        },
        "wbgt": {
          "10": 31.59,
          "11": 32.26,
          "12": 32.67,
          "13": 35.35,
          "14": 35.41,
          "15": 34.26,
          "16": 33.05,
          "17": 31.45,
          "18": 30.25,
          "19": 28.27,
          "20": 26.19,
          "21": 25.67
        },
        "shade_frac": {
          "10": 0.0,
          "11": 0.0,
          "12": 0.0,
          "13": 0.0,
          "14": 0.0,
          "15": 0.0,
          "16": 0.0,
          "17": 0.0,
          "18": 0.0,
          "19": 0.0,
          "20": 0.0,
          "21": 1.0
        },
        "fans": 10833,
        "svi": 0.6481,
        "canopy_pct": 0.0,
        "treatable": [
          "awning",
          "sail",
          "tree"
        ]
      }
    },
    {
      "type": "Feature",
      "geometry": {
        "type": "LineString",
        "coordinates": [
          [
            -95.41320749059467,
            29.687352345710586
          ],
          [
            -95.4131924,
            29.687445099999994
          ],
          [
            -95.4131174,
            29.6874336
          ],
          [
            -95.41309446047569,
            29.687430946560028
          ]
        ]
      },
      "properties": {
        "id": "kirby_drive_rideshare_zone_path_10",
        "name": "Kirby Drive rideshare zone access path",
        "len_m": 20.0,
        "approach": "rideshare_kirby",
        "degmin": {
          "10": 0.923,
          "11": 1.096,
          "12": 1.201,
          "13": 1.888,
          "14": 1.903,
          "15": 1.607,
          "16": 1.296,
          "17": 0.887,
          "18": 0.579,
          "19": 0.071,
          "20": 0.0,
          "21": 0.0
        },
        "degmin_lo": {
          "10": 0.454,
          "11": 0.633,
          "12": 0.75,
          "13": 1.359,
          "14": 1.373,
          "15": 1.107,
          "16": 0.826,
          "17": 0.445,
          "18": 0.163,
          "19": 0.0,
          "20": 0.0,
          "21": 0.0
        },
        "degmin_hi": {
          "10": 1.352,
          "11": 1.545,
          "12": 1.666,
          "13": 2.182,
          "14": 2.177,
          "15": 2.076,
          "16": 1.745,
          "17": 1.295,
          "18": 0.951,
          "19": 0.402,
          "20": 0.0,
          "21": 0.0
        },
        "wbgt": {
          "10": 31.6,
          "11": 32.27,
          "12": 32.68,
          "13": 35.36,
          "14": 35.42,
          "15": 34.27,
          "16": 33.06,
          "17": 31.46,
          "18": 30.26,
          "19": 28.28,
          "20": 26.2,
          "21": 25.68
        },
        "shade_frac": {
          "10": 0.0,
          "11": 0.0,
          "12": 0.0,
          "13": 0.0,
          "14": 0.0,
          "15": 0.0,
          "16": 0.0,
          "17": 0.0,
          "18": 0.0,
          "19": 0.0,
          "20": 0.0,
          "21": 1.0
        },
        "fans": 10833,
        "svi": 0.6481,
        "canopy_pct": 0.0,
        "treatable": [
          "awning",
          "sail",
          "tree"
        ]
      }
    },
    {
      "type": "Feature",
      "geometry": {
        "type": "LineString",
        "coordinates": [
          [
            -95.41309446047569,
            29.687430946560028
          ],
          [
            -95.4129566,
            29.687414999999994
          ],
          [
            -95.41288910249776,
            29.687416438148087
          ]
        ]
      },
      "properties": {
        "id": "kirby_drive_rideshare_zone_path_11",
        "name": "Kirby Drive rideshare zone access path",
        "len_m": 20.0,
        "approach": "rideshare_kirby",
        "degmin": {
          "10": 0.924,
          "11": 1.096,
          "12": 1.201,
          "13": 1.888,
          "14": 1.904,
          "15": 1.607,
          "16": 1.297,
          "17": 0.888,
          "18": 0.579,
          "19": 0.072,
          "20": 0.0,
          "21": 0.0
        },
        "degmin_lo": {
          "10": 0.455,
          "11": 0.633,
          "12": 0.751,
          "13": 1.36,
          "14": 1.373,
          "15": 1.107,
          "16": 0.827,
          "17": 0.446,
          "18": 0.164,
          "19": 0.0,
          "20": 0.0,
          "21": 0.0
        },
        "degmin_hi": {
          "10": 1.353,
          "11": 1.546,
          "12": 1.666,
          "13": 2.183,
          "14": 2.178,
          "15": 2.077,
          "16": 1.746,
          "17": 1.295,
          "18": 0.952,
          "19": 0.403,
          "20": 0.0,
          "21": 0.0
        },
        "wbgt": {
          "10": 31.6,
          "11": 32.28,
          "12": 32.69,
          "13": 35.36,
          "14": 35.43,
          "15": 34.27,
          "16": 33.06,
          "17": 31.46,
          "18": 30.26,
          "19": 28.28,
          "20": 26.2,
          "21": 25.68
        },
        "shade_frac": {
          "10": 0.0,
          "11": 0.0,
          "12": 0.0,
          "13": 0.0,
          "14": 0.0,
          "15": 0.0,
          "16": 0.0,
          "17": 0.0,
          "18": 0.0,
          "19": 0.0,
          "20": 0.0,
          "21": 1.0
        },
        "fans": 10833,
        "svi": 0.6481,
        "canopy_pct": 0.0,
        "treatable": [
          "awning",
          "sail",
          "tree"
        ]
      }
    },
    {
      "type": "Feature",
      "geometry": {
        "type": "LineString",
        "coordinates": [
          [
            -95.41288910249776,
            29.687416438148087
          ],
          [
            -95.41268258144032,
            29.687420838213697
          ]
        ]
      },
      "properties": {
        "id": "kirby_drive_rideshare_zone_path_12",
        "name": "Kirby Drive rideshare zone access path",
        "len_m": 20.0,
        "approach": "rideshare_kirby",
        "degmin": {
          "10": 0.924,
          "11": 1.096,
          "12": 1.201,
          "13": 1.888,
          "14": 1.904,
          "15": 1.607,
          "16": 1.297,
          "17": 0.887,
          "18": 0.579,
          "19": 0.072,
          "20": 0.0,
          "21": 0.0
        },
        "degmin_lo": {
          "10": 0.455,
          "11": 0.633,
          "12": 0.751,
          "13": 1.36,
          "14": 1.373,
          "15": 1.107,
          "16": 0.827,
          "17": 0.445,
          "18": 0.163,
          "19": 0.0,
          "20": 0.0,
          "21": 0.0
        },
        "degmin_hi": {
          "10": 1.353,
          "11": 1.546,
          "12": 1.666,
          "13": 2.183,
          "14": 2.178,
          "15": 2.076,
          "16": 1.746,
          "17": 1.295,
          "18": 0.951,
          "19": 0.403,
          "20": 0.0,
          "21": 0.0
        },
        "wbgt": {
          "10": 31.6,
          "11": 32.28,
          "12": 32.69,
          "13": 35.36,
          "14": 35.42,
          "15": 34.27,
          "16": 33.06,
          "17": 31.46,
          "18": 30.26,
          "19": 28.28,
          "20": 26.2,
          "21": 25.68
        },
        "shade_frac": {
          "10": 0.0,
          "11": 0.0,
          "12": 0.0,
          "13": 0.0,
          "14": 0.0,
          "15": 0.0,
          "16": 0.0,
          "17": 0.0,
          "18": 0.0,
          "19": 0.0,
          "20": 0.0,
          "21": 1.0
        },
        "fans": 10833,
        "svi": 0.6481,
        "canopy_pct": 0.0,
        "treatable": [
          "awning",
          "sail",
          "tree"
        ]
      }
    },
    {
      "type": "Feature",
      "geometry": {
        "type": "LineString",
        "coordinates": [
          [
            -95.41268258144032,
            29.687420838213697
          ],
          [
            -95.4126656,
            29.687421200000006
          ],
          [
            -95.4126331,
            29.687436299999995
          ],
          [
            -95.4125681,
            29.687441600000007
          ],
          [
            -95.41248065031208,
            29.687444156235703
          ]
        ]
      },
      "properties": {
        "id": "kirby_drive_rideshare_zone_path_13",
        "name": "Kirby Drive rideshare zone access path",
        "len_m": 20.0,
        "approach": "rideshare_kirby",
        "degmin": {
          "10": 0.924,
          "11": 1.097,
          "12": 1.202,
          "13": 1.889,
          "14": 1.905,
          "15": 1.608,
          "16": 1.298,
          "17": 0.888,
          "18": 0.58,
          "19": 0.073,
          "20": 0.0,
          "21": 0.0
        },
        "degmin_lo": {
          "10": 0.456,
          "11": 0.634,
          "12": 0.752,
          "13": 1.361,
          "14": 1.374,
          "15": 1.108,
          "16": 0.828,
          "17": 0.446,
          "18": 0.164,
          "19": 0.0,
          "20": 0.0,
          "21": 0.0
        },
        "degmin_hi": {
          "10": 1.354,
          "11": 1.546,
          "12": 1.667,
          "13": 2.184,
          "14": 2.179,
          "15": 2.078,
          "16": 1.747,
          "17": 1.296,
          "18": 0.952,
          "19": 0.403,
          "20": 0.0,
          "21": 0.0
        },
        "wbgt": {
          "10": 31.61,
          "11": 32.28,
          "12": 32.69,
          "13": 35.37,
          "14": 35.43,
          "15": 34.27,
          "16": 33.06,
          "17": 31.46,
          "18": 30.26,
          "19": 28.28,
          "20": 26.2,
          "21": 25.68
        },
        "shade_frac": {
          "10": 0.0,
          "11": 0.0,
          "12": 0.0,
          "13": 0.0,
          "14": 0.0,
          "15": 0.0,
          "16": 0.0,
          "17": 0.0,
          "18": 0.0,
          "19": 0.0,
          "20": 0.0,
          "21": 1.0
        },
        "fans": 10833,
        "svi": 0.6481,
        "canopy_pct": 0.0,
        "treatable": [
          "awning",
          "sail",
          "tree"
        ]
      }
    },
    {
      "type": "Feature",
      "geometry": {
        "type": "LineString",
        "coordinates": [
          [
            -95.41248065031208,
            29.687444156235703
          ],
          [
            -95.4124381,
            29.687445399999994
          ],
          [
            -95.41237010000002,
            29.68744739999999
          ],
          [
            -95.4123421,
            29.6874485
          ],
          [
            -95.4123193,
            29.6874332
          ],
          [
            -95.41229079297356,
            29.687409723625947
          ]
        ]
      },
      "properties": {
        "id": "kirby_drive_rideshare_zone_path_14",
        "name": "Kirby Drive rideshare zone access path",
        "len_m": 20.0,
        "approach": "rideshare_kirby",
        "degmin": {
          "10": 0.925,
          "11": 1.098,
          "12": 1.203,
          "13": 1.89,
          "14": 1.905,
          "15": 1.609,
          "16": 1.299,
          "17": 0.889,
          "18": 0.581,
          "19": 0.074,
          "20": 0.0,
          "21": 0.0
        },
        "degmin_lo": {
          "10": 0.457,
          "11": 0.635,
          "12": 0.753,
          "13": 1.361,
          "14": 1.375,
          "15": 1.109,
          "16": 0.829,
          "17": 0.447,
          "18": 0.165,
          "19": 0.0,
          "20": 0.0,
          "21": 0.0
        },
        "degmin_hi": {
          "10": 1.354,
          "11": 1.547,
          "12": 1.668,
          "13": 2.185,
          "14": 2.18,
          "15": 2.078,
          "16": 1.748,
          "17": 1.297,
          "18": 0.953,
          "19": 0.404,
          "20": 0.0,
          "21": 0.0
        },
        "wbgt": {
          "10": 31.61,
          "11": 32.28,
          "12": 32.69,
          "13": 35.37,
          "14": 35.43,
          "15": 34.27,
          "16": 33.07,
          "17": 31.47,
          "18": 30.26,
          "19": 28.29,
          "20": 26.21,
          "21": 25.68
        },
        "shade_frac": {
          "10": 0.0,
          "11": 0.0,
          "12": 0.0,
          "13": 0.0,
          "14": 0.0,
          "15": 0.0,
          "16": 0.0,
          "17": 0.0,
          "18": 0.0,
          "19": 0.0,
          "20": 0.0,
          "21": 1.0
        },
        "fans": 10833,
        "svi": 0.2809,
        "canopy_pct": 0.0,
        "treatable": [
          "awning",
          "sail",
          "tree"
        ]
      }
    },
    {
      "type": "Feature",
      "geometry": {
        "type": "LineString",
        "coordinates": [
          [
            -95.41229079297356,
            29.687409723625947
          ],
          [
            -95.4122887,
            29.687407999999998
          ],
          [
            -95.4122616,
            29.68738559999999
          ],
          [
            -95.4122473,
            29.687373699999995
          ],
          [
            -95.41231351601976,
            29.687259462453177
          ]
        ]
      },
      "properties": {
        "id": "kirby_drive_rideshare_zone_path_15",
        "name": "Kirby Drive rideshare zone access path",
        "len_m": 20.0,
        "approach": "rideshare_kirby",
        "degmin": {
          "10": 0.921,
          "11": 1.094,
          "12": 1.199,
          "13": 1.886,
          "14": 1.901,
          "15": 1.605,
          "16": 1.295,
          "17": 0.885,
          "18": 0.576,
          "19": 0.069,
          "20": 0.0,
          "21": 0.0
        },
        "degmin_lo": {
          "10": 0.452,
          "11": 0.63,
          "12": 0.749,
          "13": 1.357,
          "14": 1.371,
          "15": 1.105,
          "16": 0.824,
          "17": 0.443,
          "18": 0.16,
          "19": 0.0,
          "20": 0.0,
          "21": 0.0
        },
        "degmin_hi": {
          "10": 1.35,
          "11": 1.543,
          "12": 1.664,
          "13": 2.181,
          "14": 2.176,
          "15": 2.074,
          "16": 1.743,
          "17": 1.292,
          "18": 0.949,
          "19": 0.4,
          "20": 0.0,
          "21": 0.0
        },
        "wbgt": {
          "10": 31.59,
          "11": 32.27,
          "12": 32.68,
          "13": 35.35,
          "14": 35.41,
          "15": 34.26,
          "16": 33.05,
          "17": 31.45,
          "18": 30.25,
          "19": 28.27,
          "20": 26.19,
          "21": 25.67
        },
        "shade_frac": {
          "10": 0.0,
          "11": 0.0,
          "12": 0.0,
          "13": 0.0,
          "14": 0.0,
          "15": 0.0,
          "16": 0.0,
          "17": 0.0,
          "18": 0.0,
          "19": 0.0,
          "20": 0.0,
          "21": 1.0
        },
        "fans": 10833,
        "svi": 0.2809,
        "canopy_pct": 0.0,
        "treatable": [
          "awning",
          "sail",
          "tree"
        ]
      }
    },
    {
      "type": "Feature",
      "geometry": {
        "type": "LineString",
        "coordinates": [
          [
            -95.41231351601976,
            29.687259462453177
          ],
          [
            -95.4123139,
            29.6872588
          ],
          [
            -95.41228965713888,
            29.687080414556966
          ]
        ]
      },
      "properties": {
        "id": "kirby_drive_rideshare_zone_path_16",
        "name": "Kirby Drive rideshare zone access path",
        "len_m": 20.0,
        "approach": "rideshare_kirby",
        "degmin": {
          "10": 0.913,
          "11": 1.086,
          "12": 1.191,
          "13": 1.878,
          "14": 1.893,
          "15": 1.597,
          "16": 1.287,
          "17": 0.877,
          "18": 0.568,
          "19": 0.061,
          "20": 0.0,
          "21": 0.0
        },
        "degmin_lo": {
          "10": 0.444,
          "11": 0.622,
          "12": 0.741,
          "13": 1.349,
          "14": 1.363,
          "15": 1.097,
          "16": 0.816,
          "17": 0.435,
          "18": 0.152,
          "19": 0.0,
          "20": 0.0,
          "21": 0.0
        },
        "degmin_hi": {
          "10": 1.342,
          "11": 1.535,
          "12": 1.657,
          "13": 2.174,
          "14": 2.169,
          "15": 2.066,
          "16": 1.736,
          "17": 1.285,
          "18": 0.941,
          "19": 0.392,
          "20": 0.0,
          "21": 0.0
        },
        "wbgt": {
          "10": 31.56,
          "11": 32.23,
          "12": 32.65,
          "13": 35.32,
          "14": 35.38,
          "15": 34.23,
          "16": 33.02,
          "17": 31.42,
          "18": 30.22,
          "19": 28.24,
          "20": 26.16,
          "21": 25.63
        },
        "shade_frac": {
          "10": 0.0,
          "11": 0.0,
          "12": 0.0,
          "13": 0.0,
          "14": 0.0,
          "15": 0.0,
          "16": 0.0,
          "17": 0.0,
          "18": 0.0,
          "19": 0.0,
          "20": 0.0,
          "21": 1.0
        },
        "fans": 10833,
        "svi": 0.2809,
        "canopy_pct": 0.0,
        "treatable": [
          "awning",
          "sail",
          "tree"
        ]
      }
    },
    {
      "type": "Feature",
      "geometry": {
        "type": "LineString",
        "coordinates": [
          [
            -95.41228965713888,
            29.687080414556966
          ],
          [
            -95.41228850000002,
            29.6870719
          ],
          [
            -95.41229982681371,
            29.686900379741417
          ]
        ]
      },
      "properties": {
        "id": "kirby_drive_rideshare_zone_path_17",
        "name": "Kirby Drive rideshare zone access path",
        "len_m": 20.0,
        "approach": "rideshare_kirby",
        "degmin": {
          "10": 0.905,
          "11": 1.078,
          "12": 1.183,
          "13": 1.87,
          "14": 1.885,
          "15": 1.589,
          "16": 1.279,
          "17": 0.869,
          "18": 0.56,
          "19": 0.053,
          "20": 0.0,
          "21": 0.0
        },
        "degmin_lo": {
          "10": 0.436,
          "11": 0.614,
          "12": 0.732,
          "13": 1.341,
          "14": 1.355,
          "15": 1.089,
          "16": 0.808,
          "17": 0.426,
          "18": 0.144,
          "19": 0.0,
          "20": 0.0,
          "21": 0.0
        },
        "degmin_hi": {
          "10": 1.334,
          "11": 1.527,
          "12": 1.649,
          "13": 2.166,
          "14": 2.161,
          "15": 2.058,
          "16": 1.728,
          "17": 1.277,
          "18": 0.933,
          "19": 0.384,
          "20": 0.0,
          "21": 0.0
        },
        "wbgt": {
          "10": 31.53,
          "11": 32.2,
          "12": 32.61,
          "13": 35.29,
          "14": 35.35,
          "15": 34.2,
          "16": 32.99,
          "17": 31.39,
          "18": 30.18,
          "19": 28.21,
          "20": 26.12,
          "21": 25.6
        },
        "shade_frac": {
          "10": 0.0,
          "11": 0.0,
          "12": 0.0,
          "13": 0.0,
          "14": 0.0,
          "15": 0.0,
          "16": 0.0,
          "17": 0.0,
          "18": 0.0,
          "19": 0.0,
          "20": 0.0,
          "21": 1.0
        },
        "fans": 10833,
        "svi": 0.2809,
        "canopy_pct": 0.0,
        "treatable": [
          "awning",
          "sail",
          "tree"
        ]
      }
    },
    {
      "type": "Feature",
      "geometry": {
        "type": "LineString",
        "coordinates": [
          [
            -95.41229982681371,
            29.686900379741417
          ],
          [
            -95.4123053,
            29.686817500000004
          ],
          [
            -95.4123267777454,
            29.686721961153385
          ]
        ]
      },
      "properties": {
        "id": "kirby_drive_rideshare_zone_path_18",
        "name": "Kirby Drive rideshare zone access path",
        "len_m": 20.0,
        "approach": "rideshare_kirby",
        "degmin": {
          "10": 0.896,
          "11": 1.069,
          "12": 1.175,
          "13": 1.862,
          "14": 1.877,
          "15": 1.58,
          "16": 1.271,
          "17": 0.86,
          "18": 0.551,
          "19": 0.044,
          "20": 0.0,
          "21": 0.0
        },
        "degmin_lo": {
          "10": 0.427,
          "11": 0.605,
          "12": 0.724,
          "13": 1.333,
          "14": 1.346,
          "15": 1.08,
          "16": 0.799,
          "17": 0.418,
          "18": 0.135,
          "19": 0.0,
          "20": 0.0,
          "21": 0.0
        },
        "degmin_hi": {
          "10": 1.326,
          "11": 1.519,
          "12": 1.64,
          "13": 2.158,
          "14": 2.152,
          "15": 2.05,
          "16": 1.72,
          "17": 1.268,
          "18": 0.924,
          "19": 0.375,
          "20": 0.0,
          "21": 0.0
        },
        "wbgt": {
          "10": 31.5,
          "11": 32.17,
          "12": 32.58,
          "13": 35.26,
          "14": 35.32,
          "15": 34.16,
          "16": 32.96,
          "17": 31.35,
          "18": 30.15,
          "19": 28.17,
          "20": 26.09,
          "21": 25.57
        },
        "shade_frac": {
          "10": 0.0,
          "11": 0.0,
          "12": 0.0,
          "13": 0.0,
          "14": 0.0,
          "15": 0.0,
          "16": 0.0,
          "17": 0.0,
          "18": 0.0,
          "19": 0.0,
          "20": 0.0,
          "21": 1.0
        },
        "fans": 10833,
        "svi": 0.2809,
        "canopy_pct": 0.0,
        "treatable": [
          "awning",
          "sail",
          "tree"
        ]
      }
    },
    {
      "type": "Feature",
      "geometry": {
        "type": "LineString",
        "coordinates": [
          [
            -95.4123267777454,
            29.686721961153385
          ],
          [
            -95.4123517,
            29.686611100000004
          ],
          [
            -95.4123476138814,
            29.68654379179076
          ]
        ]
      },
      "properties": {
        "id": "kirby_drive_rideshare_zone_path_19",
        "name": "Kirby Drive rideshare zone access path",
        "len_m": 20.0,
        "approach": "rideshare_kirby",
        "degmin": {
          "10": 0.888,
          "11": 1.06,
          "12": 1.166,
          "13": 1.853,
          "14": 1.869,
          "15": 1.572,
          "16": 1.262,
          "17": 0.851,
          "18": 0.542,
          "19": 0.035,
          "20": 0.0,
          "21": 0.0
        },
        "degmin_lo": {
          "10": 0.418,
          "11": 0.596,
          "12": 0.715,
          "13": 1.324,
          "14": 1.337,
          "15": 1.071,
          "16": 0.791,
          "17": 0.409,
          "18": 0.126,
          "19": 0.0,
          "20": 0.0,
          "21": 0.0
        },
        "degmin_hi": {
          "10": 1.318,
          "11": 1.511,
          "12": 1.632,
          "13": 2.149,
          "14": 2.144,
          "15": 2.042,
          "16": 1.711,
          "17": 1.26,
          "18": 0.916,
          "19": 0.366,
          "20": 0.0,
          "21": 0.0
        },
        "wbgt": {
          "10": 31.46,
          "11": 32.14,
          "12": 32.55,
          "13": 35.23,
          "14": 35.29,
          "15": 34.13,
          "16": 32.92,
          "17": 31.32,
          "18": 30.11,
          "19": 28.14,
          "20": 26.05,
          "21": 25.53
        },
        "shade_frac": {
          "10": 0.0,
          "11": 0.0,
          "12": 0.0,
          "13": 0.0,
          "14": 0.0,
          "15": 0.0,
          "16": 0.0,
          "17": 0.0,
          "18": 0.0,
          "19": 0.0,
          "20": 0.0,
          "21": 1.0
        },
        "fans": 10833,
        "svi": 0.2809,
        "canopy_pct": 0.0,
        "treatable": [
          "awning",
          "sail",
          "tree"
        ]
      }
    },
    {
      "type": "Feature",
      "geometry": {
        "type": "LineString",
        "coordinates": [
          [
            -95.4123476138814,
            29.68654379179076
          ],
          [
            -95.4123366788755,
            29.686363665207743
          ]
        ]
      },
      "properties": {
        "id": "kirby_drive_rideshare_zone_path_20",
        "name": "Kirby Drive rideshare zone access path",
        "len_m": 20.0,
        "approach": "rideshare_kirby",
        "degmin": {
          "10": 0.879,
          "11": 1.052,
          "12": 1.157,
          "13": 1.845,
          "14": 1.86,
          "15": 1.563,
          "16": 1.253,
          "17": 0.842,
          "18": 0.533,
          "19": 0.026,
          "20": 0.0,
          "21": 0.0
        },
        "degmin_lo": {
          "10": 0.409,
          "11": 0.587,
          "12": 0.706,
          "13": 1.315,
          "14": 1.329,
          "15": 1.062,
          "16": 0.782,
          "17": 0.4,
          "18": 0.117,
          "19": 0.0,
          "20": 0.0,
          "21": 0.0
        },
        "degmin_hi": {
          "10": 1.309,
          "11": 1.502,
          "12": 1.623,
          "13": 2.141,
          "14": 2.136,
          "15": 2.034,
          "16": 1.703,
          "17": 1.251,
          "18": 0.907,
          "19": 0.357,
          "20": 0.0,
          "21": 0.0
        },
        "wbgt": {
          "10": 31.43,
          "11": 32.1,
          "12": 32.51,
          "13": 35.2,
          "14": 35.25,
          "15": 34.1,
          "16": 32.89,
          "17": 31.29,
          "18": 30.08,
          "19": 28.1,
          "20": 26.02,
          "21": 25.49
        },
        "shade_frac": {
          "10": 0.0,
          "11": 0.0,
          "12": 0.0,
          "13": 0.0,
          "14": 0.0,
          "15": 0.0,
          "16": 0.0,
          "17": 0.0,
          "18": 0.0,
          "19": 0.0,
          "20": 0.0,
          "21": 1.0
        },
        "fans": 10833,
        "svi": 0.2809,
        "canopy_pct": 12.0,
        "treatable": [
          "awning",
          "sail",
          "tree"
        ]
      }
    },
    {
      "type": "Feature",
      "geometry": {
        "type": "LineString",
        "coordinates": [
          [
            -95.4123366788755,
            29.686363665207743
          ],
          [
            -95.41232574393233,
            29.68618353861715
          ]
        ]
      },
      "properties": {
        "id": "kirby_drive_rideshare_zone_path_21",
        "name": "Kirby Drive rideshare zone access path",
        "len_m": 20.0,
        "approach": "rideshare_kirby",
        "degmin": {
          "10": 0.871,
          "11": 1.044,
          "12": 1.149,
          "13": 1.837,
          "14": 1.852,
          "15": 1.555,
          "16": 1.245,
          "17": 0.834,
          "18": 0.525,
          "19": 0.018,
          "20": 0.0,
          "21": 0.0
        },
        "degmin_lo": {
          "10": 0.401,
          "11": 0.579,
          "12": 0.698,
          "13": 1.308,
          "14": 1.321,
          "15": 1.054,
          "16": 0.774,
          "17": 0.391,
          "18": 0.109,
          "19": 0.0,
          "20": 0.0,
          "21": 0.0
        },
        "degmin_hi": {
          "10": 1.301,
          "11": 1.494,
          "12": 1.616,
          "13": 2.133,
          "14": 2.128,
          "15": 2.026,
          "16": 1.695,
          "17": 1.243,
          "18": 0.899,
          "19": 0.349,
          "20": 0.0,
          "21": 0.0
        },
        "wbgt": {
          "10": 31.4,
          "11": 32.07,
          "12": 32.48,
          "13": 35.17,
          "14": 35.22,
          "15": 34.07,
          "16": 32.86,
          "17": 31.25,
          "18": 30.05,
          "19": 28.07,
          "20": 25.98,
          "21": 25.46
        },
        "shade_frac": {
          "10": 0.0,
          "11": 0.0,
          "12": 0.0,
          "13": 0.0,
          "14": 0.0,
          "15": 0.0,
          "16": 0.0,
          "17": 0.0,
          "18": 0.0,
          "19": 0.0,
          "20": 0.0,
          "21": 1.0
        },
        "fans": 10833,
        "svi": 0.2809,
        "canopy_pct": 9.0,
        "treatable": [
          "awning",
          "sail",
          "tree"
        ]
      }
    },
    {
      "type": "Feature",
      "geometry": {
        "type": "LineString",
        "coordinates": [
          [
            -95.41232574393233,
            29.68618353861715
          ],
          [
            -95.41231480905186,
            29.68600341201901
          ]
        ]
      },
      "properties": {
        "id": "kirby_drive_rideshare_zone_path_22",
        "name": "Kirby Drive rideshare zone access path",
        "len_m": 20.0,
        "approach": "rideshare_kirby",
        "degmin": {
          "10": 0.38,
          "11": 1.038,
          "12": 1.144,
          "13": 1.832,
          "14": 1.847,
          "15": 1.55,
          "16": 1.24,
          "17": 0.829,
          "18": 0.519,
          "19": 0.012,
          "20": 0.0,
          "21": 0.0
        },
        "degmin_lo": {
          "10": 0.11,
          "11": 0.573,
          "12": 0.692,
          "13": 1.302,
          "14": 1.315,
          "15": 1.049,
          "16": 0.768,
          "17": 0.386,
          "18": 0.103,
          "19": 0.0,
          "20": 0.0,
          "21": 0.0
        },
        "degmin_hi": {
          "10": 0.723,
          "11": 1.489,
          "12": 1.61,
          "13": 2.128,
          "14": 2.123,
          "15": 2.021,
          "16": 1.69,
          "17": 1.238,
          "18": 0.893,
          "19": 0.344,
          "20": 0.0,
          "21": 0.0
        },
        "wbgt": {
          "10": 29.48,
          "11": 32.05,
          "12": 32.46,
          "13": 35.14,
          "14": 35.2,
          "15": 34.04,
          "16": 32.83,
          "17": 31.23,
          "18": 30.03,
          "19": 28.05,
          "20": 25.96,
          "21": 25.44
        },
        "shade_frac": {
          "10": 0.727,
          "11": 0.0,
          "12": 0.0,
          "13": 0.0,
          "14": 0.0,
          "15": 0.0,
          "16": 0.0,
          "17": 0.0,
          "18": 0.0,
          "19": 0.0,
          "20": 0.0,
          "21": 1.0
        },
        "fans": 10833,
        "svi": 0.2809,
        "canopy_pct": 0.0,
        "treatable": [
          "awning",
          "sail",
          "tree"
        ]
      }
    },
    {
      "type": "Feature",
      "geometry": {
        "type": "LineString",
        "coordinates": [
          [
            -95.41231480905186,
            29.68600341201901
          ],
          [
            -95.41230387423411,
            29.685823285413285
          ]
        ]
      },
      "properties": {
        "id": "kirby_drive_rideshare_zone_path_23",
        "name": "Kirby Drive rideshare zone access path",
        "len_m": 20.0,
        "approach": "rideshare_kirby",
        "degmin": {
          "10": 0.197,
          "11": 0.907,
          "12": 1.144,
          "13": 1.832,
          "14": 1.847,
          "15": 1.55,
          "16": 1.24,
          "17": 0.829,
          "18": 0.519,
          "19": 0.012,
          "20": 0.0,
          "21": 0.0
        },
        "degmin_lo": {
          "10": 0.0,
          "11": 0.469,
          "12": 0.692,
          "13": 1.302,
          "14": 1.315,
          "15": 1.049,
          "16": 0.768,
          "17": 0.386,
          "18": 0.102,
          "19": 0.0,
          "20": 0.0,
          "21": 0.0
        },
        "degmin_hi": {
          "10": 0.532,
          "11": 1.335,
          "12": 1.61,
          "13": 2.128,
          "14": 2.123,
          "15": 2.02,
          "16": 1.69,
          "17": 1.238,
          "18": 0.893,
          "19": 0.344,
          "20": 0.0,
          "21": 0.0
        },
        "wbgt": {
          "10": 28.77,
          "11": 31.54,
          "12": 32.46,
          "13": 35.14,
          "14": 35.2,
          "15": 34.04,
          "16": 32.83,
          "17": 31.23,
          "18": 30.03,
          "19": 28.05,
          "20": 25.96,
          "21": 25.44
        },
        "shade_frac": {
          "10": 1.0,
          "11": 0.182,
          "12": 0.0,
          "13": 0.0,
          "14": 0.0,
          "15": 0.0,
          "16": 0.0,
          "17": 0.0,
          "18": 0.0,
          "19": 0.0,
          "20": 0.0,
          "21": 1.0
        },
        "fans": 10833,
        "svi": 0.2809,
        "canopy_pct": 9.6,
        "treatable": [
          "awning",
          "sail",
          "tree"
        ]
      }
    },
    {
      "type": "Feature",
      "geometry": {
        "type": "LineString",
        "coordinates": [
          [
            -95.41230387423411,
            29.685823285413285
          ],
          [
            -95.4122969,
            29.685708400000003
          ],
          [
            -95.4122936,
            29.6856686
          ],
          [
            -95.41226240000002,
            29.685605199999994
          ]
        ]
      },
      "properties": {
        "id": "kirby_drive_rideshare_zone_path_24",
        "name": "Kirby Drive rideshare zone access path",
        "len_m": 24.8,
        "approach": "rideshare_kirby",
        "degmin": {
          "10": 0.244,
          "11": 0.392,
          "12": 1.419,
          "13": 2.273,
          "14": 2.292,
          "15": 1.923,
          "16": 1.538,
          "17": 1.028,
          "18": 0.644,
          "19": 0.014,
          "20": 0.0,
          "21": 0.0
        },
        "degmin_lo": {
          "10": 0.0,
          "11": 0.0,
          "12": 0.858,
          "13": 1.616,
          "14": 1.632,
          "15": 1.301,
          "16": 0.952,
          "17": 0.478,
          "18": 0.126,
          "19": 0.0,
          "20": 0.0,
          "21": 0.0
        },
        "degmin_hi": {
          "10": 0.66,
          "11": 0.812,
          "12": 1.998,
          "13": 2.641,
          "14": 2.634,
          "15": 2.508,
          "16": 2.097,
          "17": 1.536,
          "18": 1.108,
          "19": 0.425,
          "20": 0.0,
          "21": 0.0
        },
        "wbgt": {
          "10": 28.77,
          "11": 29.23,
          "12": 32.46,
          "13": 35.14,
          "14": 35.2,
          "15": 34.04,
          "16": 32.83,
          "17": 31.23,
          "18": 30.02,
          "19": 28.04,
          "20": 25.95,
          "21": 25.43
        },
        "shade_frac": {
          "10": 1.0,
          "11": 1.0,
          "12": 0.0,
          "13": 0.0,
          "14": 0.0,
          "15": 0.0,
          "16": 0.0,
          "17": 0.0,
          "18": 0.0,
          "19": 0.0,
          "20": 0.0,
          "21": 1.0
        },
        "fans": 10833,
        "svi": 0.2809,
        "canopy_pct": 10.2,
        "treatable": [
          "awning",
          "sail",
          "tree"
        ]
      }
    },
    {
      "type": "Feature",
      "geometry": {
        "type": "LineString",
        "coordinates": [
          [
            -95.4058093,
            29.6910733
          ],
          [
            -95.40581099365112,
            29.69125367394396
          ]
        ]
      },
      "properties": {
        "id": "fan_fest_site_path_0",
        "name": "Fan Fest site access path",
        "len_m": 20.0,
        "approach": "fan_fest",
        "degmin": {
          "10": 0.949,
          "11": 1.12,
          "12": 1.229,
          "13": 1.909,
          "14": 1.926,
          "15": 1.631,
          "16": 1.325,
          "17": 0.911,
          "18": 0.602,
          "19": 0.099,
          "20": 0.0,
          "21": 0.0
        },
        "degmin_lo": {
          "10": 0.48,
          "11": 0.658,
          "12": 0.779,
          "13": 1.382,
          "14": 1.397,
          "15": 1.133,
          "16": 0.855,
          "17": 0.47,
          "18": 0.186,
          "19": 0.0,
          "20": 0.0,
          "21": 0.0
        },
        "degmin_hi": {
          "10": 1.377,
          "11": 1.569,
          "12": 1.694,
          "13": 2.211,
          "14": 2.207,
          "15": 2.1,
          "16": 1.773,
          "17": 1.318,
          "18": 0.974,
          "19": 0.428,
          "20": 0.0,
          "21": 0.0
        },
        "wbgt": {
          "10": 31.7,
          "11": 32.37,
          "12": 32.79,
          "13": 35.44,
          "14": 35.51,
          "15": 34.36,
          "16": 33.17,
          "17": 31.55,
          "18": 30.35,
          "19": 28.38,
          "20": 26.31,
          "21": 25.77
        },
        "shade_frac": {
          "10": 0.0,
          "11": 0.0,
          "12": 0.0,
          "13": 0.0,
          "14": 0.0,
          "15": 0.0,
          "16": 0.0,
          "17": 0.0,
          "18": 0.0,
          "19": 0.0,
          "20": 0.0,
          "21": 1.0
        },
        "fans": 7222,
        "svi": 0.2809,
        "canopy_pct": 13.0,
        "treatable": [
          "awning",
          "sail",
          "tree"
        ]
      }
    },
    {
      "type": "Feature",
      "geometry": {
        "type": "LineString",
        "coordinates": [
          [
            -95.40581099365112,
            29.69125367394396
          ],
          [
            -95.4058111,
            29.691265
          ],
          [
            -95.4058564,
            29.691266
          ],
          [
            -95.40600470414425,
            29.691266254723207
          ]
        ]
      },
      "properties": {
        "id": "fan_fest_site_path_1",
        "name": "Fan Fest site access path",
        "len_m": 20.0,
        "approach": "fan_fest",
        "degmin": {
          "10": 0.955,
          "11": 1.127,
          "12": 1.236,
          "13": 1.915,
          "14": 1.933,
          "15": 1.638,
          "16": 1.331,
          "17": 0.918,
          "18": 0.608,
          "19": 0.105,
          "20": 0.0,
          "21": 0.0
        },
        "degmin_lo": {
          "10": 0.487,
          "11": 0.665,
          "12": 0.786,
          "13": 1.388,
          "14": 1.404,
          "15": 1.139,
          "16": 0.861,
          "17": 0.477,
          "18": 0.193,
          "19": 0.0,
          "20": 0.0,
          "21": 0.0
        },
        "degmin_hi": {
          "10": 1.383,
          "11": 1.575,
          "12": 1.7,
          "13": 2.218,
          "14": 2.213,
          "15": 2.107,
          "16": 1.779,
          "17": 1.324,
          "18": 0.98,
          "19": 0.435,
          "20": 0.0,
          "21": 0.0
        },
        "wbgt": {
          "10": 31.73,
          "11": 32.39,
          "12": 32.82,
          "13": 35.47,
          "14": 35.54,
          "15": 34.39,
          "16": 33.19,
          "17": 31.58,
          "18": 30.37,
          "19": 28.41,
          "20": 26.33,
          "21": 25.8
        },
        "shade_frac": {
          "10": 0.0,
          "11": 0.0,
          "12": 0.0,
          "13": 0.0,
          "14": 0.0,
          "15": 0.0,
          "16": 0.0,
          "17": 0.0,
          "18": 0.0,
          "19": 0.0,
          "20": 0.0,
          "21": 1.0
        },
        "fans": 7222,
        "svi": 0.2809,
        "canopy_pct": 13.0,
        "treatable": [
          "awning",
          "sail",
          "tree"
        ]
      }
    },
    {
      "type": "Feature",
      "geometry": {
        "type": "LineString",
        "coordinates": [
          [
            -95.40600470414425,
            29.691266254723207
          ],
          [
            -95.4061476,
            29.691266500000005
          ],
          [
            -95.40621126269755,
            29.691264727812158
          ]
        ]
      },
      "properties": {
        "id": "fan_fest_site_path_2",
        "name": "Fan Fest site access path",
        "len_m": 20.0,
        "approach": "fan_fest",
        "degmin": {
          "10": 0.963,
          "11": 1.135,
          "12": 1.244,
          "13": 1.923,
          "14": 1.941,
          "15": 1.646,
          "16": 1.339,
          "17": 0.926,
          "18": 0.617,
          "19": 0.114,
          "20": 0.0,
          "21": 0.0
        },
        "degmin_lo": {
          "10": 0.495,
          "11": 0.673,
          "12": 0.794,
          "13": 1.396,
          "14": 1.412,
          "15": 1.147,
          "16": 0.87,
          "17": 0.485,
          "18": 0.202,
          "19": 0.0,
          "20": 0.0,
          "21": 0.0
        },
        "degmin_hi": {
          "10": 1.391,
          "11": 1.583,
          "12": 1.708,
          "13": 2.225,
          "14": 2.22,
          "15": 2.115,
          "16": 1.787,
          "17": 1.332,
          "18": 0.988,
          "19": 0.443,
          "20": 0.0,
          "21": 0.0
        },
        "wbgt": {
          "10": 31.76,
          "11": 32.43,
          "12": 32.85,
          "13": 35.5,
          "14": 35.57,
          "15": 34.42,
          "16": 33.22,
          "17": 31.61,
          "18": 30.41,
          "19": 28.44,
          "20": 26.37,
          "21": 25.84
        },
        "shade_frac": {
          "10": 0.0,
          "11": 0.0,
          "12": 0.0,
          "13": 0.0,
          "14": 0.0,
          "15": 0.0,
          "16": 0.0,
          "17": 0.0,
          "18": 0.0,
          "19": 0.0,
          "20": 0.0,
          "21": 1.0
        },
        "fans": 7222,
        "svi": 0.2809,
        "canopy_pct": 2.6,
        "treatable": [
          "awning",
          "sail",
          "tree"
        ]
      }
    },
    {
      "type": "Feature",
      "geometry": {
        "type": "LineString",
        "coordinates": [
          [
            -95.40621126269755,
            29.691264727812158
          ],
          [
            -95.406241,
            29.691263899999992
          ],
          [
            -95.40641776237702,
            29.69125936316889
          ]
        ]
      },
      "properties": {
        "id": "fan_fest_site_path_3",
        "name": "Fan Fest site access path",
        "len_m": 20.0,
        "approach": "fan_fest",
        "degmin": {
          "10": 0.967,
          "11": 1.138,
          "12": 1.247,
          "13": 1.926,
          "14": 1.944,
          "15": 1.649,
          "16": 1.342,
          "17": 0.929,
          "18": 0.62,
          "19": 0.117,
          "20": 0.0,
          "21": 0.0
        },
        "degmin_lo": {
          "10": 0.499,
          "11": 0.676,
          "12": 0.797,
          "13": 1.4,
          "14": 1.415,
          "15": 1.151,
          "16": 0.873,
          "17": 0.488,
          "18": 0.205,
          "19": 0.0,
          "20": 0.0,
          "21": 0.0
        },
        "degmin_hi": {
          "10": 1.395,
          "11": 1.586,
          "12": 1.711,
          "13": 2.228,
          "14": 2.224,
          "15": 2.118,
          "16": 1.79,
          "17": 1.336,
          "18": 0.992,
          "19": 0.447,
          "20": 0.0,
          "21": 0.0
        },
        "wbgt": {
          "10": 31.77,
          "11": 32.44,
          "12": 32.86,
          "13": 35.51,
          "14": 35.58,
          "15": 34.43,
          "16": 33.24,
          "17": 31.62,
          "18": 30.42,
          "19": 28.46,
          "20": 26.38,
          "21": 25.85
        },
        "shade_frac": {
          "10": 0.0,
          "11": 0.0,
          "12": 0.0,
          "13": 0.0,
          "14": 0.0,
          "15": 0.0,
          "16": 0.0,
          "17": 0.0,
          "18": 0.0,
          "19": 0.0,
          "20": 0.0,
          "21": 1.0
        },
        "fans": 7222,
        "svi": 0.2809,
        "canopy_pct": 0.0,
        "treatable": [
          "awning",
          "sail",
          "tree"
        ]
      }
    },
    {
      "type": "Feature",
      "geometry": {
        "type": "LineString",
        "coordinates": [
          [
            -95.40641776237702,
            29.69125936316889
          ],
          [
            -95.40662426427556,
            29.691254062736085
          ]
        ]
      },
      "properties": {
        "id": "fan_fest_site_path_4",
        "name": "Fan Fest site access path",
        "len_m": 20.0,
        "approach": "fan_fest",
        "degmin": {
          "10": 0.967,
          "11": 1.139,
          "12": 1.247,
          "13": 1.927,
          "14": 1.945,
          "15": 1.65,
          "16": 1.343,
          "17": 0.93,
          "18": 0.621,
          "19": 0.118,
          "20": 0.0,
          "21": 0.0
        },
        "degmin_lo": {
          "10": 0.499,
          "11": 0.677,
          "12": 0.798,
          "13": 1.4,
          "14": 1.416,
          "15": 1.151,
          "16": 0.873,
          "17": 0.489,
          "18": 0.206,
          "19": 0.0,
          "20": 0.0,
          "21": 0.0
        },
        "degmin_hi": {
          "10": 1.395,
          "11": 1.587,
          "12": 1.712,
          "13": 2.229,
          "14": 2.224,
          "15": 2.118,
          "16": 1.79,
          "17": 1.336,
          "18": 0.993,
          "19": 0.447,
          "20": 0.0,
          "21": 0.0
        },
        "wbgt": {
          "10": 31.77,
          "11": 32.44,
          "12": 32.86,
          "13": 35.52,
          "14": 35.58,
          "15": 34.43,
          "16": 33.24,
          "17": 31.63,
          "18": 30.42,
          "19": 28.46,
          "20": 26.38,
          "21": 25.85
        },
        "shade_frac": {
          "10": 0.0,
          "11": 0.0,
          "12": 0.0,
          "13": 0.0,
          "14": 0.0,
          "15": 0.0,
          "16": 0.0,
          "17": 0.0,
          "18": 0.0,
          "19": 0.0,
          "20": 0.0,
          "21": 1.0
        },
        "fans": 7222,
        "svi": 0.2809,
        "canopy_pct": 0.0,
        "treatable": [
          "awning",
          "sail",
          "tree"
        ]
      }
    },
    {
      "type": "Feature",
      "geometry": {
        "type": "LineString",
        "coordinates": [
          [
            -95.40662426427556,
            29.691254062736085
          ],
          [
            -95.4066345,
            29.69125379999999
          ],
          [
            -95.40683082494881,
            29.691251011103255
          ]
        ]
      },
      "properties": {
        "id": "fan_fest_site_path_5",
        "name": "Fan Fest site access path",
        "len_m": 20.0,
        "approach": "fan_fest",
        "degmin": {
          "10": 0.968,
          "11": 1.14,
          "12": 1.248,
          "13": 1.928,
          "14": 1.945,
          "15": 1.651,
          "16": 1.344,
          "17": 0.931,
          "18": 0.622,
          "19": 0.119,
          "20": 0.0,
          "21": 0.0
        },
        "degmin_lo": {
          "10": 0.5,
          "11": 0.678,
          "12": 0.798,
          "13": 1.401,
          "14": 1.417,
          "15": 1.152,
          "16": 0.874,
          "17": 0.49,
          "18": 0.207,
          "19": 0.0,
          "20": 0.0,
          "21": 0.0
        },
        "degmin_hi": {
          "10": 1.396,
          "11": 1.588,
          "12": 1.712,
          "13": 2.229,
          "14": 2.224,
          "15": 2.119,
          "16": 1.791,
          "17": 1.337,
          "18": 0.993,
          "19": 0.448,
          "20": 0.0,
          "21": 0.0
        },
        "wbgt": {
          "10": 31.78,
          "11": 32.44,
          "12": 32.87,
          "13": 35.52,
          "14": 35.59,
          "15": 34.44,
          "16": 33.24,
          "17": 31.63,
          "18": 30.43,
          "19": 28.46,
          "20": 26.39,
          "21": 25.86
        },
        "shade_frac": {
          "10": 0.0,
          "11": 0.0,
          "12": 0.0,
          "13": 0.0,
          "14": 0.0,
          "15": 0.0,
          "16": 0.0,
          "17": 0.0,
          "18": 0.0,
          "19": 0.0,
          "20": 0.0,
          "21": 1.0
        },
        "fans": 7222,
        "svi": 0.2809,
        "canopy_pct": 8.8,
        "treatable": [
          "awning",
          "sail",
          "tree"
        ]
      }
    },
    {
      "type": "Feature",
      "geometry": {
        "type": "LineString",
        "coordinates": [
          [
            -95.40683082494881,
            29.691251011103255
          ],
          [
            -95.4069935,
            29.691248699999996
          ],
          [
            -95.40703739439022,
            29.69124862976852
          ]
        ]
      },
      "properties": {
        "id": "fan_fest_site_path_6",
        "name": "Fan Fest site access path",
        "len_m": 20.0,
        "approach": "fan_fest",
        "degmin": {
          "10": 0.968,
          "11": 1.14,
          "12": 1.248,
          "13": 1.928,
          "14": 1.946,
          "15": 1.651,
          "16": 1.344,
          "17": 0.931,
          "18": 0.622,
          "19": 0.119,
          "20": 0.0,
          "21": 0.0
        },
        "degmin_lo": {
          "10": 0.501,
          "11": 0.678,
          "12": 0.799,
          "13": 1.402,
          "14": 1.417,
          "15": 1.152,
          "16": 0.874,
          "17": 0.49,
          "18": 0.207,
          "19": 0.0,
          "20": 0.0,
          "21": 0.0
        },
        "degmin_hi": {
          "10": 1.396,
          "11": 1.588,
          "12": 1.713,
          "13": 2.229,
          "14": 2.224,
          "15": 2.119,
          "16": 1.791,
          "17": 1.338,
          "18": 0.994,
          "19": 0.448,
          "20": 0.0,
          "21": 0.0
        },
        "wbgt": {
          "10": 31.78,
          "11": 32.45,
          "12": 32.87,
          "13": 35.52,
          "14": 35.59,
          "15": 34.44,
          "16": 33.24,
          "17": 31.63,
          "18": 30.43,
          "19": 28.46,
          "20": 26.39,
          "21": 25.86
        },
        "shade_frac": {
          "10": 0.0,
          "11": 0.0,
          "12": 0.0,
          "13": 0.0,
          "14": 0.0,
          "15": 0.0,
          "16": 0.0,
          "17": 0.0,
          "18": 0.0,
          "19": 0.0,
          "20": 0.0,
          "21": 1.0
        },
        "fans": 7222,
        "svi": 0.2809,
        "canopy_pct": 11.0,
        "treatable": [
          "awning",
          "sail",
          "tree"
        ]
      }
    },
    {
      "type": "Feature",
      "geometry": {
        "type": "LineString",
        "coordinates": [
          [
            -95.40703739439022,
            29.69124862976852
          ],
          [
            -95.40724398506504,
            29.69124829902574
          ]
        ]
      },
      "properties": {
        "id": "fan_fest_site_path_7",
        "name": "Fan Fest site access path",
        "len_m": 20.0,
        "approach": "fan_fest",
        "degmin": {
          "10": 0.968,
          "11": 1.139,
          "12": 1.248,
          "13": 1.928,
          "14": 1.945,
          "15": 1.65,
          "16": 1.343,
          "17": 0.931,
          "18": 0.622,
          "19": 0.118,
          "20": 0.0,
          "21": 0.0
        },
        "degmin_lo": {
          "10": 0.5,
          "11": 0.678,
          "12": 0.798,
          "13": 1.401,
          "14": 1.417,
          "15": 1.152,
          "16": 0.874,
          "17": 0.49,
          "18": 0.207,
          "19": 0.0,
          "20": 0.0,
          "21": 0.0
        },
        "degmin_hi": {
          "10": 1.396,
          "11": 1.587,
          "12": 1.712,
          "13": 2.229,
          "14": 2.224,
          "15": 2.119,
          "16": 1.791,
          "17": 1.337,
          "18": 0.993,
          "19": 0.448,
          "20": 0.0,
          "21": 0.0
        },
        "wbgt": {
          "10": 31.77,
          "11": 32.44,
          "12": 32.87,
          "13": 35.52,
          "14": 35.59,
          "15": 34.44,
          "16": 33.24,
          "17": 31.63,
          "18": 30.42,
          "19": 28.46,
          "20": 26.38,
          "21": 25.86
        },
        "shade_frac": {
          "10": 0.0,
          "11": 0.0,
          "12": 0.0,
          "13": 0.0,
          "14": 0.0,
          "15": 0.0,
          "16": 0.0,
          "17": 0.0,
          "18": 0.0,
          "19": 0.0,
          "20": 0.0,
          "21": 1.0
        },
        "fans": 7222,
        "svi": 0.2809,
        "canopy_pct": 11.0,
        "treatable": [
          "awning",
          "sail",
          "tree"
        ]
      }
    },
    {
      "type": "Feature",
      "geometry": {
        "type": "LineString",
        "coordinates": [
          [
            -95.40724398506504,
            29.69124829902574
          ],
          [
            -95.4073058,
            29.691248199999993
          ],
          [
            -95.40745052596641,
            29.691244878424687
          ]
        ]
      },
      "properties": {
        "id": "fan_fest_site_path_8",
        "name": "Fan Fest site access path",
        "len_m": 20.0,
        "approach": "fan_fest",
        "degmin": {
          "10": 0.965,
          "11": 1.137,
          "12": 1.245,
          "13": 1.925,
          "14": 1.943,
          "15": 1.648,
          "16": 1.34,
          "17": 0.928,
          "18": 0.619,
          "19": 0.116,
          "20": 0.0,
          "21": 0.0
        },
        "degmin_lo": {
          "10": 0.497,
          "11": 0.675,
          "12": 0.795,
          "13": 1.398,
          "14": 1.414,
          "15": 1.149,
          "16": 0.871,
          "17": 0.487,
          "18": 0.204,
          "19": 0.0,
          "20": 0.0,
          "21": 0.0
        },
        "degmin_hi": {
          "10": 1.393,
          "11": 1.585,
          "12": 1.709,
          "13": 2.226,
          "14": 2.221,
          "15": 2.116,
          "16": 1.788,
          "17": 1.335,
          "18": 0.991,
          "19": 0.445,
          "20": 0.0,
          "21": 0.0
        },
        "wbgt": {
          "10": 31.76,
          "11": 32.43,
          "12": 32.86,
          "13": 35.51,
          "14": 35.58,
          "15": 34.43,
          "16": 33.23,
          "17": 31.62,
          "18": 30.41,
          "19": 28.45,
          "20": 26.37,
          "21": 25.85
        },
        "shade_frac": {
          "10": 0.0,
          "11": 0.0,
          "12": 0.0,
          "13": 0.0,
          "14": 0.0,
          "15": 0.0,
          "16": 0.0,
          "17": 0.0,
          "18": 0.0,
          "19": 0.0,
          "20": 0.0,
          "21": 1.0
        },
        "fans": 7222,
        "svi": 0.2809,
        "canopy_pct": 2.2,
        "treatable": [
          "awning",
          "sail",
          "tree"
        ]
      }
    },
    {
      "type": "Feature",
      "geometry": {
        "type": "LineString",
        "coordinates": [
          [
            -95.40745052596641,
            29.691244878424687
          ],
          [
            -95.4074583,
            29.6912447
          ],
          [
            -95.4075089,
            29.691244200000003
          ],
          [
            -95.40765707518703,
            29.691241355185557
          ]
        ]
      },
      "properties": {
        "id": "fan_fest_site_path_9",
        "name": "Fan Fest site access path",
        "len_m": 20.0,
        "approach": "fan_fest",
        "degmin": {
          "10": 0.961,
          "11": 1.133,
          "12": 1.241,
          "13": 1.921,
          "14": 1.939,
          "15": 1.644,
          "16": 1.336,
          "17": 0.924,
          "18": 0.615,
          "19": 0.112,
          "20": 0.0,
          "21": 0.0
        },
        "degmin_lo": {
          "10": 0.493,
          "11": 0.671,
          "12": 0.791,
          "13": 1.395,
          "14": 1.41,
          "15": 1.145,
          "16": 0.867,
          "17": 0.483,
          "18": 0.2,
          "19": 0.0,
          "20": 0.0,
          "21": 0.0
        },
        "degmin_hi": {
          "10": 1.389,
          "11": 1.581,
          "12": 1.705,
          "13": 2.222,
          "14": 2.217,
          "15": 2.112,
          "16": 1.784,
          "17": 1.331,
          "18": 0.987,
          "19": 0.441,
          "20": 0.0,
          "21": 0.0
        },
        "wbgt": {
          "10": 31.75,
          "11": 32.42,
          "12": 32.84,
          "13": 35.49,
          "14": 35.56,
          "15": 34.41,
          "16": 33.21,
          "17": 31.6,
          "18": 30.4,
          "19": 28.44,
          "20": 26.36,
          "21": 25.83
        },
        "shade_frac": {
          "10": 0.0,
          "11": 0.0,
          "12": 0.0,
          "13": 0.0,
          "14": 0.0,
          "15": 0.0,
          "16": 0.0,
          "17": 0.0,
          "18": 0.0,
          "19": 0.0,
          "20": 0.0,
          "21": 1.0
        },
        "fans": 7222,
        "svi": 0.2809,
        "canopy_pct": 0.0,
        "treatable": [
          "awning",
          "sail",
          "tree"
        ]
      }
    },
    {
      "type": "Feature",
      "geometry": {
        "type": "LineString",
        "coordinates": [
          [
            -95.40765707518703,
            29.691241355185557
          ],
          [
            -95.4076912,
            29.6912407
          ],
          [
            -95.4076998,
            29.691238799999997
          ],
          [
            -95.4077088,
            29.691237199999993
          ],
          [
            -95.4077243,
            29.691233
          ],
          [
            -95.40778410000001,
            29.691231699999996
          ],
          [
            -95.40778395100399,
            29.691163286929985
          ]
        ]
      },
      "properties": {
        "id": "fan_fest_site_path_10",
        "name": "Fan Fest site access path",
        "len_m": 20.0,
        "approach": "fan_fest",
        "degmin": {
          "10": 0.958,
          "11": 1.13,
          "12": 1.238,
          "13": 1.918,
          "14": 1.936,
          "15": 1.641,
          "16": 1.333,
          "17": 0.921,
          "18": 0.612,
          "19": 0.108,
          "20": 0.0,
          "21": 0.0
        },
        "degmin_lo": {
          "10": 0.49,
          "11": 0.668,
          "12": 0.788,
          "13": 1.391,
          "14": 1.407,
          "15": 1.142,
          "16": 0.863,
          "17": 0.48,
          "18": 0.197,
          "19": 0.0,
          "20": 0.0,
          "21": 0.0
        },
        "degmin_hi": {
          "10": 1.386,
          "11": 1.578,
          "12": 1.702,
          "13": 2.219,
          "14": 2.214,
          "15": 2.109,
          "16": 1.781,
          "17": 1.328,
          "18": 0.984,
          "19": 0.438,
          "20": 0.0,
          "21": 0.0
        },
        "wbgt": {
          "10": 31.74,
          "11": 32.41,
          "12": 32.83,
          "13": 35.48,
          "14": 35.55,
          "15": 34.4,
          "16": 33.2,
          "17": 31.59,
          "18": 30.39,
          "19": 28.42,
          "20": 26.34,
          "21": 25.82
        },
        "shade_frac": {
          "10": 0.0,
          "11": 0.0,
          "12": 0.0,
          "13": 0.0,
          "14": 0.0,
          "15": 0.0,
          "16": 0.0,
          "17": 0.0,
          "18": 0.0,
          "19": 0.0,
          "20": 0.0,
          "21": 1.0
        },
        "fans": 7222,
        "svi": 0.2809,
        "canopy_pct": 0.0,
        "treatable": [
          "awning",
          "sail",
          "tree"
        ]
      }
    },
    {
      "type": "Feature",
      "geometry": {
        "type": "LineString",
        "coordinates": [
          [
            -95.40778395100399,
            29.691163286929985
          ],
          [
            -95.407783558175,
            29.69098290744622
          ]
        ]
      },
      "properties": {
        "id": "fan_fest_site_path_11",
        "name": "Fan Fest site access path",
        "len_m": 20.0,
        "approach": "fan_fest",
        "degmin": {
          "10": 0.96,
          "11": 1.131,
          "12": 1.239,
          "13": 1.92,
          "14": 1.937,
          "15": 1.642,
          "16": 1.335,
          "17": 0.922,
          "18": 0.614,
          "19": 0.11,
          "20": 0.0,
          "21": 0.0
        },
        "degmin_lo": {
          "10": 0.492,
          "11": 0.669,
          "12": 0.789,
          "13": 1.393,
          "14": 1.408,
          "15": 1.143,
          "16": 0.865,
          "17": 0.481,
          "18": 0.199,
          "19": 0.0,
          "20": 0.0,
          "21": 0.0
        },
        "degmin_hi": {
          "10": 1.388,
          "11": 1.58,
          "12": 1.704,
          "13": 2.22,
          "14": 2.215,
          "15": 2.111,
          "16": 1.782,
          "17": 1.329,
          "18": 0.985,
          "19": 0.439,
          "20": 0.0,
          "21": 0.0
        },
        "wbgt": {
          "10": 31.74,
          "11": 32.41,
          "12": 32.83,
          "13": 35.49,
          "14": 35.56,
          "15": 34.4,
          "16": 33.21,
          "17": 31.6,
          "18": 30.39,
          "19": 28.43,
          "20": 26.35,
          "21": 25.82
        },
        "shade_frac": {
          "10": 0.0,
          "11": 0.0,
          "12": 0.0,
          "13": 0.0,
          "14": 0.0,
          "15": 0.0,
          "16": 0.0,
          "17": 0.0,
          "18": 0.0,
          "19": 0.0,
          "20": 0.0,
          "21": 1.0
        },
        "fans": 7222,
        "svi": 0.2809,
        "canopy_pct": 10.4,
        "treatable": [
          "awning",
          "sail",
          "tree"
        ]
      }
    },
    {
      "type": "Feature",
      "geometry": {
        "type": "LineString",
        "coordinates": [
          [
            -95.407783558175,
            29.69098290744622
          ],
          [
            -95.40778316537117,
            29.690802527957906
          ]
        ]
      },
      "properties": {
        "id": "fan_fest_site_path_12",
        "name": "Fan Fest site access path",
        "len_m": 20.0,
        "approach": "fan_fest",
        "degmin": {
          "10": 0.969,
          "11": 1.14,
          "12": 1.248,
          "13": 1.929,
          "14": 1.946,
          "15": 1.651,
          "16": 1.344,
          "17": 0.932,
          "18": 0.623,
          "19": 0.119,
          "20": 0.0,
          "21": 0.0
        },
        "degmin_lo": {
          "10": 0.501,
          "11": 0.679,
          "12": 0.799,
          "13": 1.402,
          "14": 1.418,
          "15": 1.153,
          "16": 0.874,
          "17": 0.491,
          "18": 0.208,
          "19": 0.0,
          "20": 0.0,
          "21": 0.0
        },
        "degmin_hi": {
          "10": 1.397,
          "11": 1.589,
          "12": 1.713,
          "13": 2.229,
          "14": 2.224,
          "15": 2.12,
          "16": 1.791,
          "17": 1.338,
          "18": 0.995,
          "19": 0.449,
          "20": 0.0,
          "21": 0.0
        },
        "wbgt": {
          "10": 31.78,
          "11": 32.45,
          "12": 32.87,
          "13": 35.52,
          "14": 35.59,
          "15": 34.44,
          "16": 33.24,
          "17": 31.63,
          "18": 30.43,
          "19": 28.47,
          "20": 26.37,
          "21": 25.86
        },
        "shade_frac": {
          "10": 0.0,
          "11": 0.0,
          "12": 0.0,
          "13": 0.0,
          "14": 0.0,
          "15": 0.0,
          "16": 0.0,
          "17": 0.0,
          "18": 0.0,
          "19": 0.0,
          "20": 0.273,
          "21": 1.0
        },
        "fans": 7222,
        "svi": 0.2809,
        "canopy_pct": 13.0,
        "treatable": [
          "awning",
          "sail",
          "tree"
        ]
      }
    },
    {
      "type": "Feature",
      "geometry": {
        "type": "LineString",
        "coordinates": [
          [
            -95.40778316537117,
            29.690802527957906
          ],
          [
            -95.40778277259248,
            29.690622148465025
          ]
        ]
      },
      "properties": {
        "id": "fan_fest_site_path_13",
        "name": "Fan Fest site access path",
        "len_m": 20.0,
        "approach": "fan_fest",
        "degmin": {
          "10": 0.976,
          "11": 1.148,
          "12": 1.256,
          "13": 1.937,
          "14": 1.954,
          "15": 1.659,
          "16": 1.351,
          "17": 0.939,
          "18": 0.631,
          "19": 0.127,
          "20": 0.0,
          "21": 0.0
        },
        "degmin_lo": {
          "10": 0.509,
          "11": 0.686,
          "12": 0.806,
          "13": 1.41,
          "14": 1.425,
          "15": 1.16,
          "16": 0.882,
          "17": 0.499,
          "18": 0.216,
          "19": 0.0,
          "20": 0.0,
          "21": 0.0
        },
        "degmin_hi": {
          "10": 1.404,
          "11": 1.596,
          "12": 1.72,
          "13": 2.237,
          "14": 2.232,
          "15": 2.127,
          "16": 1.799,
          "17": 1.346,
          "18": 1.002,
          "19": 0.456,
          "20": 0.0,
          "21": 0.0
        },
        "wbgt": {
          "10": 31.81,
          "11": 32.48,
          "12": 32.9,
          "13": 35.55,
          "14": 35.62,
          "15": 34.47,
          "16": 33.27,
          "17": 31.66,
          "18": 30.46,
          "19": 28.5,
          "20": 26.36,
          "21": 25.89
        },
        "shade_frac": {
          "10": 0.0,
          "11": 0.0,
          "12": 0.0,
          "13": 0.0,
          "14": 0.0,
          "15": 0.0,
          "16": 0.0,
          "17": 0.0,
          "18": 0.0,
          "19": 0.0,
          "20": 1.0,
          "21": 1.0
        },
        "fans": 7222,
        "svi": 0.2809,
        "canopy_pct": 13.0,
        "treatable": [
          "awning",
          "sail",
          "tree"
        ]
      }
    },
    {
      "type": "Feature",
      "geometry": {
        "type": "LineString",
        "coordinates": [
          [
            -95.40778277259248,
            29.690622148465025
          ],
          [
            -95.40778237983895,
            29.690441768967595
          ]
        ]
      },
      "properties": {
        "id": "fan_fest_site_path_14",
        "name": "Fan Fest site access path",
        "len_m": 20.0,
        "approach": "fan_fest",
        "degmin": {
          "10": 0.981,
          "11": 1.153,
          "12": 1.261,
          "13": 1.941,
          "14": 1.958,
          "15": 1.663,
          "16": 1.356,
          "17": 0.944,
          "18": 0.635,
          "19": 0.132,
          "20": 0.0,
          "21": 0.0
        },
        "degmin_lo": {
          "10": 0.514,
          "11": 0.691,
          "12": 0.811,
          "13": 1.415,
          "14": 1.43,
          "15": 1.165,
          "16": 0.887,
          "17": 0.503,
          "18": 0.221,
          "19": 0.0,
          "20": 0.0,
          "21": 0.0
        },
        "degmin_hi": {
          "10": 1.409,
          "11": 1.601,
          "12": 1.724,
          "13": 2.241,
          "14": 2.236,
          "15": 2.132,
          "16": 1.803,
          "17": 1.35,
          "18": 1.007,
          "19": 0.461,
          "20": 0.0,
          "21": 0.0
        },
        "wbgt": {
          "10": 31.83,
          "11": 32.5,
          "12": 32.92,
          "13": 35.57,
          "14": 35.64,
          "15": 34.49,
          "16": 33.29,
          "17": 31.68,
          "18": 30.48,
          "19": 28.51,
          "20": 26.38,
          "21": 25.91
        },
        "shade_frac": {
          "10": 0.0,
          "11": 0.0,
          "12": 0.0,
          "13": 0.0,
          "14": 0.0,
          "15": 0.0,
          "16": 0.0,
          "17": 0.0,
          "18": 0.0,
          "19": 0.0,
          "20": 1.0,
          "21": 1.0
        },
        "fans": 7222,
        "svi": 0.2809,
        "canopy_pct": 2.6,
        "treatable": [
          "awning",
          "sail",
          "tree"
        ]
      }
    },
    {
      "type": "Feature",
      "geometry": {
        "type": "LineString",
        "coordinates": [
          [
            -95.40778237983895,
            29.690441768967595
          ],
          [
            -95.4077823,
            29.6904051
          ],
          [
            -95.40778197903651,
            29.69026138947918
          ]
        ]
      },
      "properties": {
        "id": "north_stadium_drive_300",
        "name": "North Stadium Drive",
        "len_m": 20.0,
        "approach": "fan_fest",
        "degmin": {
          "10": 0.986,
          "11": 1.157,
          "12": 1.265,
          "13": 1.946,
          "14": 1.963,
          "15": 1.668,
          "16": 1.361,
          "17": 0.949,
          "18": 0.64,
          "19": 0.137,
          "20": 0.0,
          "21": 0.0
        },
        "degmin_lo": {
          "10": 0.518,
          "11": 0.696,
          "12": 0.816,
          "13": 1.419,
          "14": 1.434,
          "15": 1.17,
          "16": 0.892,
          "17": 0.508,
          "18": 0.225,
          "19": 0.0,
          "20": 0.0,
          "21": 0.0
        },
        "degmin_hi": {
          "10": 1.413,
          "11": 1.605,
          "12": 1.729,
          "13": 2.246,
          "14": 2.241,
          "15": 2.136,
          "16": 1.808,
          "17": 1.355,
          "18": 1.011,
          "19": 0.466,
          "20": 0.0,
          "21": 0.0
        },
        "wbgt": {
          "10": 31.84,
          "11": 32.51,
          "12": 32.93,
          "13": 35.59,
          "14": 35.65,
          "15": 34.51,
          "16": 33.31,
          "17": 31.7,
          "18": 30.5,
          "19": 28.53,
          "20": 26.4,
          "21": 25.93
        },
        "shade_frac": {
          "10": 0.0,
          "11": 0.0,
          "12": 0.0,
          "13": 0.0,
          "14": 0.0,
          "15": 0.0,
          "16": 0.0,
          "17": 0.0,
          "18": 0.0,
          "19": 0.0,
          "20": 1.0,
          "21": 1.0
        },
        "fans": 7222,
        "svi": 0.2809,
        "canopy_pct": 0.0,
        "treatable": [
          "awning",
          "sail",
          "tree"
        ]
      }
    },
    {
      "type": "Feature",
      "geometry": {
        "type": "LineString",
        "coordinates": [
          [
            -95.40778197903651,
            29.69026138947918
          ],
          [
            -95.4077819,
            29.690226000000003
          ],
          [
            -95.4077816,
            29.690087099999996
          ],
          [
            -95.40778158694508,
            29.690081009971657
          ]
        ]
      },
      "properties": {
        "id": "north_stadium_drive_320",
        "name": "North Stadium Drive",
        "len_m": 20.0,
        "approach": "fan_fest",
        "degmin": {
          "10": 0.994,
          "11": 1.165,
          "12": 1.273,
          "13": 1.954,
          "14": 1.971,
          "15": 1.676,
          "16": 1.369,
          "17": 0.957,
          "18": 0.648,
          "19": 0.145,
          "20": 0.0,
          "21": 0.0
        },
        "degmin_lo": {
          "10": 0.527,
          "11": 0.704,
          "12": 0.824,
          "13": 1.428,
          "14": 1.443,
          "15": 1.178,
          "16": 0.9,
          "17": 0.516,
          "18": 0.234,
          "19": 0.0,
          "20": 0.0,
          "21": 0.0
        },
        "degmin_hi": {
          "10": 1.421,
          "11": 1.613,
          "12": 1.737,
          "13": 2.254,
          "14": 2.249,
          "15": 2.144,
          "16": 1.816,
          "17": 1.363,
          "18": 1.019,
          "19": 0.474,
          "20": 0.0,
          "21": 0.0
        },
        "wbgt": {
          "10": 31.88,
          "11": 32.54,
          "12": 32.97,
          "13": 35.62,
          "14": 35.69,
          "15": 34.54,
          "16": 33.34,
          "17": 31.73,
          "18": 30.53,
          "19": 28.57,
          "20": 26.45,
          "21": 25.96
        },
        "shade_frac": {
          "10": 0.0,
          "11": 0.0,
          "12": 0.0,
          "13": 0.0,
          "14": 0.0,
          "15": 0.0,
          "16": 0.0,
          "17": 0.0,
          "18": 0.0,
          "19": 0.0,
          "20": 0.636,
          "21": 1.0
        },
        "fans": 7222,
        "svi": 0.2809,
        "canopy_pct": 0.0,
        "treatable": [
          "awning",
          "sail",
          "tree"
        ]
      }
    },
    {
      "type": "Feature",
      "geometry": {
        "type": "LineString",
        "coordinates": [
          [
            -95.40778158694508,
            29.690081009971657
          ],
          [
            -95.4077814,
            29.689993799999996
          ],
          [
            -95.40777723554324,
            29.68990070126833
          ]
        ]
      },
      "properties": {
        "id": "north_stadium_drive_340",
        "name": "North Stadium Drive",
        "len_m": 20.0,
        "approach": "fan_fest",
        "degmin": {
          "10": 1.005,
          "11": 1.177,
          "12": 1.284,
          "13": 1.965,
          "14": 1.982,
          "15": 1.687,
          "16": 1.38,
          "17": 0.968,
          "18": 0.659,
          "19": 0.157,
          "20": 0.0,
          "21": 0.0
        },
        "degmin_lo": {
          "10": 0.538,
          "11": 0.716,
          "12": 0.835,
          "13": 1.439,
          "14": 1.454,
          "15": 1.189,
          "16": 0.911,
          "17": 0.528,
          "18": 0.245,
          "19": 0.0,
          "20": 0.0,
          "21": 0.0
        },
        "degmin_hi": {
          "10": 1.432,
          "11": 1.624,
          "12": 1.748,
          "13": 2.265,
          "14": 2.259,
          "15": 2.155,
          "16": 1.826,
          "17": 1.374,
          "18": 1.03,
          "19": 0.485,
          "20": 0.0,
          "21": 0.0
        },
        "wbgt": {
          "10": 31.92,
          "11": 32.59,
          "12": 33.01,
          "13": 35.66,
          "14": 35.73,
          "15": 34.58,
          "16": 33.38,
          "17": 31.78,
          "18": 30.57,
          "19": 28.61,
          "20": 26.54,
          "21": 26.01
        },
        "shade_frac": {
          "10": 0.0,
          "11": 0.0,
          "12": 0.0,
          "13": 0.0,
          "14": 0.0,
          "15": 0.0,
          "16": 0.0,
          "17": 0.0,
          "18": 0.0,
          "19": 0.0,
          "20": 0.0,
          "21": 1.0
        },
        "fans": 7222,
        "svi": 0.2809,
        "canopy_pct": 0.0,
        "treatable": [
          "awning",
          "sail",
          "tree"
        ]
      }
    },
    {
      "type": "Feature",
      "geometry": {
        "type": "LineString",
        "coordinates": [
          [
            -95.40777723554324,
            29.68990070126833
          ],
          [
            -95.4077769,
            29.689893199999997
          ],
          [
            -95.40777157717375,
            29.68972038962981
          ]
        ]
      },
      "properties": {
        "id": "north_stadium_drive_360",
        "name": "North Stadium Drive",
        "len_m": 20.0,
        "approach": "fan_fest",
        "degmin": {
          "10": 1.012,
          "11": 1.183,
          "12": 1.291,
          "13": 1.972,
          "14": 1.988,
          "15": 1.694,
          "16": 1.387,
          "17": 0.975,
          "18": 0.666,
          "19": 0.164,
          "20": 0.0,
          "21": 0.0
        },
        "degmin_lo": {
          "10": 0.545,
          "11": 0.723,
          "12": 0.842,
          "13": 1.446,
          "14": 1.461,
          "15": 1.196,
          "16": 0.918,
          "17": 0.535,
          "18": 0.253,
          "19": 0.0,
          "20": 0.0,
          "21": 0.0
        },
        "degmin_hi": {
          "10": 1.439,
          "11": 1.631,
          "12": 1.754,
          "13": 2.271,
          "14": 2.266,
          "15": 2.161,
          "16": 1.833,
          "17": 1.381,
          "18": 1.037,
          "19": 0.492,
          "20": 0.0,
          "21": 0.0
        },
        "wbgt": {
          "10": 31.95,
          "11": 32.62,
          "12": 33.04,
          "13": 35.69,
          "14": 35.75,
          "15": 34.61,
          "16": 33.41,
          "17": 31.8,
          "18": 30.6,
          "19": 28.64,
          "20": 26.56,
          "21": 26.04
        },
        "shade_frac": {
          "10": 0.0,
          "11": 0.0,
          "12": 0.0,
          "13": 0.0,
          "14": 0.0,
          "15": 0.0,
          "16": 0.0,
          "17": 0.0,
          "18": 0.0,
          "19": 0.0,
          "20": 0.0,
          "21": 1.0
        },
        "fans": 7222,
        "svi": 0.2809,
        "canopy_pct": 0.0,
        "treatable": [
          "awning",
          "sail",
          "tree"
        ]
      }
    },
    {
      "type": "Feature",
      "geometry": {
        "type": "LineString",
        "coordinates": [
          [
            -95.40777157717375,
            29.68972038962981
          ],
          [
            -95.4077666,
            29.6895588
          ],
          [
            -95.40776602341083,
            29.68954007497587
          ]
        ]
      },
      "properties": {
        "id": "north_stadium_drive_380",
        "name": "North Stadium Drive",
        "len_m": 20.0,
        "approach": "fan_fest",
        "degmin": {
          "10": 1.019,
          "11": 1.191,
          "12": 1.299,
          "13": 1.979,
          "14": 1.996,
          "15": 1.701,
          "16": 1.394,
          "17": 0.982,
          "18": 0.674,
          "19": 0.171,
          "20": 0.0,
          "21": 0.0
        },
        "degmin_lo": {
          "10": 0.553,
          "11": 0.73,
          "12": 0.85,
          "13": 1.453,
          "14": 1.468,
          "15": 1.204,
          "16": 0.926,
          "17": 0.542,
          "18": 0.26,
          "19": 0.0,
          "20": 0.0,
          "21": 0.0
        },
        "degmin_hi": {
          "10": 1.446,
          "11": 1.638,
          "12": 1.762,
          "13": 2.278,
          "14": 2.273,
          "15": 2.168,
          "16": 1.84,
          "17": 1.388,
          "18": 1.044,
          "19": 0.499,
          "20": 0.0,
          "21": 0.0
        },
        "wbgt": {
          "10": 31.98,
          "11": 32.64,
          "12": 33.06,
          "13": 35.72,
          "14": 35.78,
          "15": 34.64,
          "16": 33.44,
          "17": 31.83,
          "18": 30.63,
          "19": 28.67,
          "20": 26.59,
          "21": 26.07
        },
        "shade_frac": {
          "10": 0.0,
          "11": 0.0,
          "12": 0.0,
          "13": 0.0,
          "14": 0.0,
          "15": 0.0,
          "16": 0.0,
          "17": 0.0,
          "18": 0.0,
          "19": 0.0,
          "20": 0.0,
          "21": 1.0
        },
        "fans": 7222,
        "svi": 0.2809,
        "canopy_pct": 0.0,
        "treatable": [
          "awning",
          "sail",
          "tree"
        ]
      }
    },
    {
      "type": "Feature",
      "geometry": {
        "type": "LineString",
        "coordinates": [
          [
            -95.40776602341083,
            29.68954007497587
          ],
          [
            -95.40776047110568,
            29.68935976028289
          ]
        ]
      },
      "properties": {
        "id": "fan_fest_site_path_20",
        "name": "Fan Fest site access path",
        "len_m": 20.0,
        "approach": "fan_fest",
        "degmin": {
          "10": 1.029,
          "11": 1.2,
          "12": 1.308,
          "13": 1.988,
          "14": 2.005,
          "15": 1.711,
          "16": 1.404,
          "17": 0.992,
          "18": 0.684,
          "19": 0.181,
          "20": 0.0,
          "21": 0.0
        },
        "degmin_lo": {
          "10": 0.562,
          "11": 0.74,
          "12": 0.86,
          "13": 1.463,
          "14": 1.478,
          "15": 1.214,
          "16": 0.936,
          "17": 0.552,
          "18": 0.27,
          "19": 0.0,
          "20": 0.0,
          "21": 0.0
        },
        "degmin_hi": {
          "10": 1.456,
          "11": 1.647,
          "12": 1.771,
          "13": 2.288,
          "14": 2.283,
          "15": 2.178,
          "16": 1.85,
          "17": 1.397,
          "18": 1.054,
          "19": 0.509,
          "20": 0.0,
          "21": 0.0
        },
        "wbgt": {
          "10": 32.01,
          "11": 32.68,
          "12": 33.1,
          "13": 35.75,
          "14": 35.82,
          "15": 34.67,
          "16": 33.47,
          "17": 31.87,
          "18": 30.67,
          "19": 28.71,
          "20": 26.63,
          "21": 26.11
        },
        "shade_frac": {
          "10": 0.0,
          "11": 0.0,
          "12": 0.0,
          "13": 0.0,
          "14": 0.0,
          "15": 0.0,
          "16": 0.0,
          "17": 0.0,
          "18": 0.0,
          "19": 0.0,
          "20": 0.0,
          "21": 1.0
        },
        "fans": 7222,
        "svi": 0.2809,
        "canopy_pct": 0.0,
        "treatable": [
          "awning",
          "sail",
          "tree"
        ]
      }
    },
    {
      "type": "Feature",
      "geometry": {
        "type": "LineString",
        "coordinates": [
          [
            -95.40776047110568,
            29.68935976028289
          ],
          [
            -95.4077563,
            29.689224299999996
          ],
          [
            -95.40779139962437,
            29.689191526014344
          ]
        ]
      },
      "properties": {
        "id": "fan_fest_site_path_21",
        "name": "Fan Fest site access path",
        "len_m": 20.0,
        "approach": "fan_fest",
        "degmin": {
          "10": 1.044,
          "11": 1.215,
          "12": 1.323,
          "13": 2.003,
          "14": 2.02,
          "15": 1.726,
          "16": 1.418,
          "17": 1.007,
          "18": 0.699,
          "19": 0.197,
          "20": 0.0,
          "21": 0.0
        },
        "degmin_lo": {
          "10": 0.578,
          "11": 0.756,
          "12": 0.875,
          "13": 1.478,
          "14": 1.493,
          "15": 1.229,
          "16": 0.951,
          "17": 0.568,
          "18": 0.285,
          "19": 0.0,
          "20": 0.0,
          "21": 0.0
        },
        "degmin_hi": {
          "10": 1.47,
          "11": 1.662,
          "12": 1.785,
          "13": 2.302,
          "14": 2.297,
          "15": 2.192,
          "16": 1.864,
          "17": 1.412,
          "18": 1.069,
          "19": 0.524,
          "20": 0.0,
          "21": 0.0
        },
        "wbgt": {
          "10": 32.07,
          "11": 32.74,
          "12": 33.16,
          "13": 35.81,
          "14": 35.88,
          "15": 34.73,
          "16": 33.53,
          "17": 31.93,
          "18": 30.72,
          "19": 28.77,
          "20": 26.69,
          "21": 26.17
        },
        "shade_frac": {
          "10": 0.0,
          "11": 0.0,
          "12": 0.0,
          "13": 0.0,
          "14": 0.0,
          "15": 0.0,
          "16": 0.0,
          "17": 0.0,
          "18": 0.0,
          "19": 0.0,
          "20": 0.091,
          "21": 1.0
        },
        "fans": 7222,
        "svi": 0.2809,
        "canopy_pct": 0.0,
        "treatable": [
          "awning",
          "sail",
          "tree"
        ]
      }
    },
    {
      "type": "Feature",
      "geometry": {
        "type": "LineString",
        "coordinates": [
          [
            -95.40779139962437,
            29.689191526014344
          ],
          [
            -95.4078378,
            29.6891482
          ],
          [
            -95.4079022,
            29.689130199999994
          ],
          [
            -95.40797322869516,
            29.689129585997126
          ]
        ]
      },
      "properties": {
        "id": "fan_fest_site_path_22",
        "name": "Fan Fest site access path",
        "len_m": 20.0,
        "approach": "fan_fest",
        "degmin": {
          "10": 1.053,
          "11": 1.224,
          "12": 1.332,
          "13": 2.011,
          "14": 2.028,
          "15": 1.734,
          "16": 1.427,
          "17": 1.016,
          "18": 0.707,
          "19": 0.206,
          "20": 0.0,
          "21": 0.0
        },
        "degmin_lo": {
          "10": 0.587,
          "11": 0.764,
          "12": 0.884,
          "13": 1.487,
          "14": 1.501,
          "15": 1.237,
          "16": 0.96,
          "17": 0.576,
          "18": 0.294,
          "19": 0.0,
          "20": 0.0,
          "21": 0.0
        },
        "degmin_hi": {
          "10": 1.479,
          "11": 1.67,
          "12": 1.794,
          "13": 2.311,
          "14": 2.306,
          "15": 2.2,
          "16": 1.873,
          "17": 1.42,
          "18": 1.077,
          "19": 0.533,
          "20": 0.0,
          "21": 0.0
        },
        "wbgt": {
          "10": 32.1,
          "11": 32.77,
          "12": 33.19,
          "13": 35.84,
          "14": 35.91,
          "15": 34.76,
          "16": 33.57,
          "17": 31.96,
          "18": 30.76,
          "19": 28.8,
          "20": 26.73,
          "21": 26.21
        },
        "shade_frac": {
          "10": 0.0,
          "11": 0.0,
          "12": 0.0,
          "13": 0.0,
          "14": 0.0,
          "15": 0.0,
          "16": 0.0,
          "17": 0.0,
          "18": 0.0,
          "19": 0.0,
          "20": 0.0,
          "21": 1.0
        },
        "fans": 7222,
        "svi": 0.2809,
        "canopy_pct": 0.0,
        "treatable": [
          "awning",
          "sail",
          "tree"
        ]
      }
    },
    {
      "type": "Feature",
      "geometry": {
        "type": "LineString",
        "coordinates": [
          [
            -95.40797322869516,
            29.689129585997126
          ],
          [
            -95.40817980514181,
            29.689127800043988
          ]
        ]
      },
      "properties": {
        "id": "fan_fest_site_path_23",
        "name": "Fan Fest site access path",
        "len_m": 20.0,
        "approach": "fan_fest",
        "degmin": {
          "10": 1.045,
          "11": 1.217,
          "12": 1.324,
          "13": 2.004,
          "14": 2.021,
          "15": 1.727,
          "16": 1.42,
          "17": 1.008,
          "18": 0.7,
          "19": 0.198,
          "20": 0.0,
          "21": 0.0
        },
        "degmin_lo": {
          "10": 0.579,
          "11": 0.757,
          "12": 0.876,
          "13": 1.479,
          "14": 1.494,
          "15": 1.23,
          "16": 0.952,
          "17": 0.569,
          "18": 0.287,
          "19": 0.0,
          "20": 0.0,
          "21": 0.0
        },
        "degmin_hi": {
          "10": 1.471,
          "11": 1.663,
          "12": 1.787,
          "13": 2.303,
          "14": 2.298,
          "15": 2.193,
          "16": 1.865,
          "17": 1.413,
          "18": 1.07,
          "19": 0.525,
          "20": 0.0,
          "21": 0.0
        },
        "wbgt": {
          "10": 32.08,
          "11": 32.74,
          "12": 33.16,
          "13": 35.82,
          "14": 35.88,
          "15": 34.73,
          "16": 33.54,
          "17": 31.93,
          "18": 30.73,
          "19": 28.77,
          "20": 26.7,
          "21": 26.18
        },
        "shade_frac": {
          "10": 0.0,
          "11": 0.0,
          "12": 0.0,
          "13": 0.0,
          "14": 0.0,
          "15": 0.0,
          "16": 0.0,
          "17": 0.0,
          "18": 0.0,
          "19": 0.0,
          "20": 0.0,
          "21": 1.0
        },
        "fans": 7222,
        "svi": 0.2809,
        "canopy_pct": 0.0,
        "treatable": [
          "awning",
          "sail",
          "tree"
        ]
      }
    },
    {
      "type": "Feature",
      "geometry": {
        "type": "LineString",
        "coordinates": [
          [
            -95.40817980514181,
            29.689127800043988
          ],
          [
            -95.4083863815574,
            29.689126013768732
          ]
        ]
      },
      "properties": {
        "id": "fan_fest_site_path_24",
        "name": "Fan Fest site access path",
        "len_m": 20.0,
        "approach": "fan_fest",
        "degmin": {
          "10": 1.033,
          "11": 1.204,
          "12": 1.312,
          "13": 1.992,
          "14": 2.009,
          "15": 1.715,
          "16": 1.407,
          "17": 0.996,
          "18": 0.687,
          "19": 0.185,
          "20": 0.0,
          "21": 0.0
        },
        "degmin_lo": {
          "10": 0.566,
          "11": 0.744,
          "12": 0.863,
          "13": 1.467,
          "14": 1.481,
          "15": 1.217,
          "16": 0.939,
          "17": 0.556,
          "18": 0.274,
          "19": 0.0,
          "20": 0.0,
          "21": 0.0
        },
        "degmin_hi": {
          "10": 1.459,
          "11": 1.651,
          "12": 1.774,
          "13": 2.291,
          "14": 2.286,
          "15": 2.181,
          "16": 1.853,
          "17": 1.401,
          "18": 1.058,
          "19": 0.513,
          "20": 0.0,
          "21": 0.0
        },
        "wbgt": {
          "10": 32.03,
          "11": 32.7,
          "12": 33.12,
          "13": 35.77,
          "14": 35.83,
          "15": 34.69,
          "16": 33.49,
          "17": 31.88,
          "18": 30.68,
          "19": 28.72,
          "20": 26.65,
          "21": 26.13
        },
        "shade_frac": {
          "10": 0.0,
          "11": 0.0,
          "12": 0.0,
          "13": 0.0,
          "14": 0.0,
          "15": 0.0,
          "16": 0.0,
          "17": 0.0,
          "18": 0.0,
          "19": 0.0,
          "20": 0.0,
          "21": 1.0
        },
        "fans": 7222,
        "svi": 0.2809,
        "canopy_pct": 0.0,
        "treatable": [
          "awning",
          "sail",
          "tree"
        ]
      }
    },
    {
      "type": "Feature",
      "geometry": {
        "type": "LineString",
        "coordinates": [
          [
            -95.4083863815574,
            29.689126013768732
          ],
          [
            -95.40859295794193,
            29.689124227171362
          ]
        ]
      },
      "properties": {
        "id": "fan_fest_site_path_25",
        "name": "Fan Fest site access path",
        "len_m": 20.0,
        "approach": "fan_fest",
        "degmin": {
          "10": 1.028,
          "11": 1.2,
          "12": 1.307,
          "13": 1.988,
          "14": 2.005,
          "15": 1.71,
          "16": 1.403,
          "17": 0.992,
          "18": 0.683,
          "19": 0.181,
          "20": 0.0,
          "21": 0.0
        },
        "degmin_lo": {
          "10": 0.562,
          "11": 0.74,
          "12": 0.859,
          "13": 1.463,
          "14": 1.477,
          "15": 1.213,
          "16": 0.935,
          "17": 0.552,
          "18": 0.27,
          "19": 0.0,
          "20": 0.0,
          "21": 0.0
        },
        "degmin_hi": {
          "10": 1.455,
          "11": 1.647,
          "12": 1.77,
          "13": 2.287,
          "14": 2.282,
          "15": 2.177,
          "16": 1.849,
          "17": 1.397,
          "18": 1.054,
          "19": 0.508,
          "20": 0.0,
          "21": 0.0
        },
        "wbgt": {
          "10": 32.01,
          "11": 32.68,
          "12": 33.1,
          "13": 35.75,
          "14": 35.82,
          "15": 34.67,
          "16": 33.47,
          "17": 31.87,
          "18": 30.66,
          "19": 28.7,
          "20": 26.63,
          "21": 26.11
        },
        "shade_frac": {
          "10": 0.0,
          "11": 0.0,
          "12": 0.0,
          "13": 0.0,
          "14": 0.0,
          "15": 0.0,
          "16": 0.0,
          "17": 0.0,
          "18": 0.0,
          "19": 0.0,
          "20": 0.0,
          "21": 1.0
        },
        "fans": 7222,
        "svi": 0.2809,
        "canopy_pct": 0.0,
        "treatable": [
          "awning",
          "sail",
          "tree"
        ]
      }
    },
    {
      "type": "Feature",
      "geometry": {
        "type": "LineString",
        "coordinates": [
          [
            -95.40859295794193,
            29.689124227171362
          ],
          [
            -95.4087995342954,
            29.689122440251865
          ]
        ]
      },
      "properties": {
        "id": "fan_fest_site_path_26",
        "name": "Fan Fest site access path",
        "len_m": 20.0,
        "approach": "fan_fest",
        "degmin": {
          "10": 1.027,
          "11": 1.198,
          "12": 1.305,
          "13": 1.986,
          "14": 2.003,
          "15": 1.709,
          "16": 1.401,
          "17": 0.99,
          "18": 0.682,
          "19": 0.179,
          "20": 0.0,
          "21": 0.0
        },
        "degmin_lo": {
          "10": 0.56,
          "11": 0.738,
          "12": 0.857,
          "13": 1.461,
          "14": 1.475,
          "15": 1.211,
          "16": 0.933,
          "17": 0.55,
          "18": 0.268,
          "19": 0.0,
          "20": 0.0,
          "21": 0.0
        },
        "degmin_hi": {
          "10": 1.453,
          "11": 1.645,
          "12": 1.768,
          "13": 2.285,
          "14": 2.28,
          "15": 2.175,
          "16": 1.847,
          "17": 1.395,
          "18": 1.052,
          "19": 0.507,
          "20": 0.0,
          "21": 0.0
        },
        "wbgt": {
          "10": 32.0,
          "11": 32.67,
          "12": 33.09,
          "13": 35.75,
          "14": 35.81,
          "15": 34.66,
          "16": 33.46,
          "17": 31.86,
          "18": 30.66,
          "19": 28.7,
          "20": 26.62,
          "21": 26.1
        },
        "shade_frac": {
          "10": 0.0,
          "11": 0.0,
          "12": 0.0,
          "13": 0.0,
          "14": 0.0,
          "15": 0.0,
          "16": 0.0,
          "17": 0.0,
          "18": 0.0,
          "19": 0.0,
          "20": 0.0,
          "21": 1.0
        },
        "fans": 7222,
        "svi": 0.2809,
        "canopy_pct": 0.0,
        "treatable": [
          "awning",
          "sail",
          "tree"
        ]
      }
    },
    {
      "type": "Feature",
      "geometry": {
        "type": "LineString",
        "coordinates": [
          [
            -95.4087995342954,
            29.689122440251865
          ],
          [
            -95.4088851,
            29.689121699999994
          ],
          [
            -95.4089384,
            29.6891212
          ],
          [
            -95.40900611000528,
            29.68912060083112
          ]
        ]
      },
      "properties": {
        "id": "fan_fest_site_path_27",
        "name": "Fan Fest site access path",
        "len_m": 20.0,
        "approach": "fan_fest",
        "degmin": {
          "10": 1.024,
          "11": 1.196,
          "12": 1.303,
          "13": 1.984,
          "14": 2.0,
          "15": 1.706,
          "16": 1.398,
          "17": 0.987,
          "18": 0.679,
          "19": 0.176,
          "20": 0.0,
          "21": 0.0
        },
        "degmin_lo": {
          "10": 0.557,
          "11": 0.735,
          "12": 0.854,
          "13": 1.458,
          "14": 1.473,
          "15": 1.209,
          "16": 0.93,
          "17": 0.547,
          "18": 0.265,
          "19": 0.0,
          "20": 0.0,
          "21": 0.0
        },
        "degmin_hi": {
          "10": 1.451,
          "11": 1.643,
          "12": 1.766,
          "13": 2.282,
          "14": 2.277,
          "15": 2.173,
          "16": 1.844,
          "17": 1.393,
          "18": 1.05,
          "19": 0.504,
          "20": 0.0,
          "21": 0.0
        },
        "wbgt": {
          "10": 31.99,
          "11": 32.66,
          "12": 33.08,
          "13": 35.74,
          "14": 35.8,
          "15": 34.65,
          "16": 33.45,
          "17": 31.85,
          "18": 30.65,
          "19": 28.69,
          "20": 26.61,
          "21": 26.09
        },
        "shade_frac": {
          "10": 0.0,
          "11": 0.0,
          "12": 0.0,
          "13": 0.0,
          "14": 0.0,
          "15": 0.0,
          "16": 0.0,
          "17": 0.0,
          "18": 0.0,
          "19": 0.0,
          "20": 0.0,
          "21": 1.0
        },
        "fans": 7222,
        "svi": 0.2809,
        "canopy_pct": 0.0,
        "treatable": [
          "awning",
          "sail",
          "tree"
        ]
      }
    },
    {
      "type": "Feature",
      "geometry": {
        "type": "LineString",
        "coordinates": [
          [
            -95.40900611000528,
            29.68912060083112
          ],
          [
            -95.4091418,
            29.6891194
          ],
          [
            -95.40921268611633,
            29.689118797803722
          ]
        ]
      },
      "properties": {
        "id": "fan_fest_site_path_28",
        "name": "Fan Fest site access path",
        "len_m": 20.0,
        "approach": "fan_fest",
        "degmin": {
          "10": 1.01,
          "11": 1.182,
          "12": 1.289,
          "13": 1.971,
          "14": 1.987,
          "15": 1.692,
          "16": 1.384,
          "17": 0.973,
          "18": 0.665,
          "19": 0.162,
          "20": 0.0,
          "21": 0.0
        },
        "degmin_lo": {
          "10": 0.543,
          "11": 0.721,
          "12": 0.84,
          "13": 1.445,
          "14": 1.459,
          "15": 1.195,
          "16": 0.916,
          "17": 0.533,
          "18": 0.251,
          "19": 0.0,
          "20": 0.0,
          "21": 0.0
        },
        "degmin_hi": {
          "10": 1.437,
          "11": 1.629,
          "12": 1.752,
          "13": 2.269,
          "14": 2.264,
          "15": 2.16,
          "16": 1.831,
          "17": 1.379,
          "18": 1.036,
          "19": 0.49,
          "20": 0.0,
          "21": 0.0
        },
        "wbgt": {
          "10": 31.94,
          "11": 32.61,
          "12": 33.03,
          "13": 35.69,
          "14": 35.75,
          "15": 34.6,
          "16": 33.4,
          "17": 31.8,
          "18": 30.59,
          "19": 28.63,
          "20": 26.56,
          "21": 26.03
        },
        "shade_frac": {
          "10": 0.0,
          "11": 0.0,
          "12": 0.0,
          "13": 0.0,
          "14": 0.0,
          "15": 0.0,
          "16": 0.0,
          "17": 0.0,
          "18": 0.0,
          "19": 0.0,
          "20": 0.0,
          "21": 1.0
        },
        "fans": 7222,
        "svi": 0.2809,
        "canopy_pct": 0.0,
        "treatable": [
          "awning",
          "sail",
          "tree"
        ]
      }
    },
    {
      "type": "Feature",
      "geometry": {
        "type": "LineString",
        "coordinates": [
          [
            -95.40921268611633,
            29.689118797803722
          ],
          [
            -95.4093419,
            29.689117700000004
          ],
          [
            -95.40941926252421,
            29.689117023161852
          ]
        ]
      },
      "properties": {
        "id": "fan_fest_site_path_29",
        "name": "Fan Fest site access path",
        "len_m": 20.0,
        "approach": "fan_fest",
        "degmin": {
          "10": 1.0,
          "11": 1.172,
          "12": 1.279,
          "13": 1.961,
          "14": 1.977,
          "15": 1.682,
          "16": 1.374,
          "17": 0.963,
          "18": 0.655,
          "19": 0.151,
          "20": 0.0,
          "21": 0.0
        },
        "degmin_lo": {
          "10": 0.533,
          "11": 0.711,
          "12": 0.83,
          "13": 1.434,
          "14": 1.449,
          "15": 1.184,
          "16": 0.905,
          "17": 0.523,
          "18": 0.241,
          "19": 0.0,
          "20": 0.0,
          "21": 0.0
        },
        "degmin_hi": {
          "10": 1.427,
          "11": 1.619,
          "12": 1.742,
          "13": 2.259,
          "14": 2.254,
          "15": 2.15,
          "16": 1.821,
          "17": 1.369,
          "18": 1.026,
          "19": 0.48,
          "20": 0.0,
          "21": 0.0
        },
        "wbgt": {
          "10": 31.9,
          "11": 32.57,
          "12": 32.99,
          "13": 35.65,
          "14": 35.71,
          "15": 34.56,
          "16": 33.36,
          "17": 31.76,
          "18": 30.55,
          "19": 28.59,
          "20": 26.51,
          "21": 25.99
        },
        "shade_frac": {
          "10": 0.0,
          "11": 0.0,
          "12": 0.0,
          "13": 0.0,
          "14": 0.0,
          "15": 0.0,
          "16": 0.0,
          "17": 0.0,
          "18": 0.0,
          "19": 0.0,
          "20": 0.0,
          "21": 1.0
        },
        "fans": 7222,
        "svi": 0.2809,
        "canopy_pct": 0.0,
        "treatable": [
          "awning",
          "sail",
          "tree"
        ]
      }
    },
    {
      "type": "Feature",
      "geometry": {
        "type": "LineString",
        "coordinates": [
          [
            -95.40941926252421,
            29.689117023161852
          ],
          [
            -95.40953620000002,
            29.689116000000002
          ],
          [
            -95.40962583895167,
            29.689115253027143
          ]
        ]
      },
      "properties": {
        "id": "fan_fest_site_path_30",
        "name": "Fan Fest site access path",
        "len_m": 20.0,
        "approach": "fan_fest",
        "degmin": {
          "10": 0.997,
          "11": 1.169,
          "12": 1.275,
          "13": 1.958,
          "14": 1.974,
          "15": 1.679,
          "16": 1.371,
          "17": 0.96,
          "18": 0.652,
          "19": 0.148,
          "20": 0.0,
          "21": 0.0
        },
        "degmin_lo": {
          "10": 0.53,
          "11": 0.707,
          "12": 0.826,
          "13": 1.431,
          "14": 1.446,
          "15": 1.181,
          "16": 0.902,
          "17": 0.52,
          "18": 0.238,
          "19": 0.0,
          "20": 0.0,
          "21": 0.0
        },
        "degmin_hi": {
          "10": 1.424,
          "11": 1.616,
          "12": 1.739,
          "13": 2.255,
          "14": 2.251,
          "15": 2.147,
          "16": 1.818,
          "17": 1.366,
          "18": 1.023,
          "19": 0.477,
          "20": 0.0,
          "21": 0.0
        },
        "wbgt": {
          "10": 31.89,
          "11": 32.56,
          "12": 32.97,
          "13": 35.63,
          "14": 35.7,
          "15": 34.55,
          "16": 33.35,
          "17": 31.74,
          "18": 30.54,
          "19": 28.58,
          "20": 26.5,
          "21": 25.98
        },
        "shade_frac": {
          "10": 0.0,
          "11": 0.0,
          "12": 0.0,
          "13": 0.0,
          "14": 0.0,
          "15": 0.0,
          "16": 0.0,
          "17": 0.0,
          "18": 0.0,
          "19": 0.0,
          "20": 0.0,
          "21": 1.0
        },
        "fans": 7222,
        "svi": 0.2809,
        "canopy_pct": 0.0,
        "treatable": [
          "awning",
          "sail",
          "tree"
        ]
      }
    },
    {
      "type": "Feature",
      "geometry": {
        "type": "LineString",
        "coordinates": [
          [
            -95.40962583895167,
            29.689115253027143
          ],
          [
            -95.4096802,
            29.689114800000002
          ],
          [
            -95.40983241479984,
            29.689113434872713
          ]
        ]
      },
      "properties": {
        "id": "fan_fest_site_path_31",
        "name": "Fan Fest site access path",
        "len_m": 20.0,
        "approach": "fan_fest",
        "degmin": {
          "10": 0.993,
          "11": 1.165,
          "12": 1.271,
          "13": 1.954,
          "14": 1.97,
          "15": 1.675,
          "16": 1.367,
          "17": 0.956,
          "18": 0.648,
          "19": 0.144,
          "20": 0.0,
          "21": 0.0
        },
        "degmin_lo": {
          "10": 0.525,
          "11": 0.703,
          "12": 0.822,
          "13": 1.427,
          "14": 1.442,
          "15": 1.177,
          "16": 0.898,
          "17": 0.516,
          "18": 0.233,
          "19": 0.0,
          "20": 0.0,
          "21": 0.0
        },
        "degmin_hi": {
          "10": 1.42,
          "11": 1.612,
          "12": 1.735,
          "13": 2.251,
          "14": 2.246,
          "15": 2.143,
          "16": 1.814,
          "17": 1.362,
          "18": 1.019,
          "19": 0.472,
          "20": 0.0,
          "21": 0.0
        },
        "wbgt": {
          "10": 31.87,
          "11": 32.54,
          "12": 32.96,
          "13": 35.62,
          "14": 35.68,
          "15": 34.53,
          "16": 33.33,
          "17": 31.73,
          "18": 30.53,
          "19": 28.56,
          "20": 26.49,
          "21": 25.96
        },
        "shade_frac": {
          "10": 0.0,
          "11": 0.0,
          "12": 0.0,
          "13": 0.0,
          "14": 0.0,
          "15": 0.0,
          "16": 0.0,
          "17": 0.0,
          "18": 0.0,
          "19": 0.0,
          "20": 0.0,
          "21": 1.0
        },
        "fans": 7222,
        "svi": 0.2809,
        "canopy_pct": 0.0,
        "treatable": [
          "awning",
          "sail",
          "tree"
        ]
      }
    },
    {
      "type": "Feature",
      "geometry": {
        "type": "LineString",
        "coordinates": [
          [
            -95.40983241479984,
            29.689113434872713
          ],
          [
            -95.4098809,
            29.689112999999995
          ],
          [
            -95.41003899116657,
            29.689111664291612
          ]
        ]
      },
      "properties": {
        "id": "fan_fest_site_path_32",
        "name": "Fan Fest site access path",
        "len_m": 20.0,
        "approach": "fan_fest",
        "degmin": {
          "10": 0.99,
          "11": 1.162,
          "12": 1.269,
          "13": 1.951,
          "14": 1.968,
          "15": 1.673,
          "16": 1.364,
          "17": 0.953,
          "18": 0.645,
          "19": 0.141,
          "20": 0.0,
          "21": 0.0
        },
        "degmin_lo": {
          "10": 0.523,
          "11": 0.701,
          "12": 0.819,
          "13": 1.425,
          "14": 1.439,
          "15": 1.174,
          "16": 0.895,
          "17": 0.513,
          "18": 0.231,
          "19": 0.0,
          "20": 0.0,
          "21": 0.0
        },
        "degmin_hi": {
          "10": 1.418,
          "11": 1.61,
          "12": 1.732,
          "13": 2.249,
          "14": 2.244,
          "15": 2.14,
          "16": 1.811,
          "17": 1.36,
          "18": 1.016,
          "19": 0.47,
          "20": 0.0,
          "21": 0.0
        },
        "wbgt": {
          "10": 31.86,
          "11": 32.53,
          "12": 32.95,
          "13": 35.61,
          "14": 35.67,
          "15": 34.52,
          "16": 33.32,
          "17": 31.72,
          "18": 30.52,
          "19": 28.55,
          "20": 26.47,
          "21": 25.95
        },
        "shade_frac": {
          "10": 0.0,
          "11": 0.0,
          "12": 0.0,
          "13": 0.0,
          "14": 0.0,
          "15": 0.0,
          "16": 0.0,
          "17": 0.0,
          "18": 0.0,
          "19": 0.0,
          "20": 0.0,
          "21": 1.0
        },
        "fans": 7222,
        "svi": 0.2809,
        "canopy_pct": 0.0,
        "treatable": [
          "awning",
          "sail",
          "tree"
        ]
      }
    },
    {
      "type": "Feature",
      "geometry": {
        "type": "LineString",
        "coordinates": [
          [
            -95.41003899116657,
            29.689111664291612
          ],
          [
            -95.4100466,
            29.6891116
          ],
          [
            -95.4102144,
            29.689110099999994
          ],
          [
            -95.41021442201493,
            29.689082885573807
          ]
        ]
      },
      "properties": {
        "id": "fan_fest_site_path_33",
        "name": "Fan Fest site access path",
        "len_m": 20.0,
        "approach": "fan_fest",
        "degmin": {
          "10": 0.989,
          "11": 1.161,
          "12": 1.267,
          "13": 1.95,
          "14": 1.967,
          "15": 1.671,
          "16": 1.363,
          "17": 0.952,
          "18": 0.644,
          "19": 0.14,
          "20": 0.0,
          "21": 0.0
        },
        "degmin_lo": {
          "10": 0.521,
          "11": 0.699,
          "12": 0.818,
          "13": 1.423,
          "14": 1.438,
          "15": 1.173,
          "16": 0.894,
          "17": 0.512,
          "18": 0.23,
          "19": 0.0,
          "20": 0.0,
          "21": 0.0
        },
        "degmin_hi": {
          "10": 1.416,
          "11": 1.608,
          "12": 1.731,
          "13": 2.247,
          "14": 2.242,
          "15": 2.139,
          "16": 1.81,
          "17": 1.358,
          "18": 1.015,
          "19": 0.468,
          "20": 0.0,
          "21": 0.0
        },
        "wbgt": {
          "10": 31.86,
          "11": 32.53,
          "12": 32.94,
          "13": 35.61,
          "14": 35.67,
          "15": 34.52,
          "16": 33.31,
          "17": 31.71,
          "18": 30.51,
          "19": 28.54,
          "20": 26.47,
          "21": 25.95
        },
        "shade_frac": {
          "10": 0.0,
          "11": 0.0,
          "12": 0.0,
          "13": 0.0,
          "14": 0.0,
          "15": 0.0,
          "16": 0.0,
          "17": 0.0,
          "18": 0.0,
          "19": 0.0,
          "20": 0.0,
          "21": 1.0
        },
        "fans": 7222,
        "svi": 0.2809,
        "canopy_pct": 0.0,
        "treatable": [
          "awning",
          "sail",
          "tree"
        ]
      }
    },
    {
      "type": "Feature",
      "geometry": {
        "type": "LineString",
        "coordinates": [
          [
            -95.41021442201493,
            29.689082885573807
          ],
          [
            -95.41021456794509,
            29.68890250600139
          ]
        ]
      },
      "properties": {
        "id": "fan_fest_site_path_34",
        "name": "Fan Fest site access path",
        "len_m": 20.0,
        "approach": "fan_fest",
        "degmin": {
          "10": 0.991,
          "11": 1.163,
          "12": 1.27,
          "13": 1.952,
          "14": 1.969,
          "15": 1.674,
          "16": 1.365,
          "17": 0.955,
          "18": 0.646,
          "19": 0.142,
          "20": 0.0,
          "21": 0.0
        },
        "degmin_lo": {
          "10": 0.524,
          "11": 0.702,
          "12": 0.82,
          "13": 1.426,
          "14": 1.44,
          "15": 1.175,
          "16": 0.896,
          "17": 0.514,
          "18": 0.232,
          "19": 0.0,
          "20": 0.0,
          "21": 0.0
        },
        "degmin_hi": {
          "10": 1.419,
          "11": 1.611,
          "12": 1.733,
          "13": 2.249,
          "14": 2.245,
          "15": 2.142,
          "16": 1.812,
          "17": 1.361,
          "18": 1.018,
          "19": 0.471,
          "20": 0.0,
          "21": 0.0
        },
        "wbgt": {
          "10": 31.87,
          "11": 32.54,
          "12": 32.95,
          "13": 35.61,
          "14": 35.68,
          "15": 34.53,
          "16": 33.32,
          "17": 31.72,
          "18": 30.52,
          "19": 28.55,
          "20": 26.48,
          "21": 25.96
        },
        "shade_frac": {
          "10": 0.0,
          "11": 0.0,
          "12": 0.0,
          "13": 0.0,
          "14": 0.0,
          "15": 0.0,
          "16": 0.0,
          "17": 0.0,
          "18": 0.0,
          "19": 0.0,
          "20": 0.0,
          "21": 1.0
        },
        "fans": 7222,
        "svi": 0.2809,
        "canopy_pct": 0.0,
        "treatable": [
          "awning",
          "sail",
          "tree"
        ]
      }
    },
    {
      "type": "Feature",
      "geometry": {
        "type": "LineString",
        "coordinates": [
          [
            -95.41021456794509,
            29.68890250600139
          ],
          [
            -95.41021471389848,
            29.68872212642453
          ]
        ]
      },
      "properties": {
        "id": "fan_fest_site_path_35",
        "name": "Fan Fest site access path",
        "len_m": 20.0,
        "approach": "fan_fest",
        "degmin": {
          "10": 0.996,
          "11": 1.168,
          "12": 1.274,
          "13": 1.957,
          "14": 1.973,
          "15": 1.678,
          "16": 1.37,
          "17": 0.959,
          "18": 0.651,
          "19": 0.147,
          "20": 0.0,
          "21": 0.0
        },
        "degmin_lo": {
          "10": 0.529,
          "11": 0.707,
          "12": 0.825,
          "13": 1.431,
          "14": 1.445,
          "15": 1.18,
          "16": 0.901,
          "17": 0.519,
          "18": 0.237,
          "19": 0.0,
          "20": 0.0,
          "21": 0.0
        },
        "degmin_hi": {
          "10": 1.423,
          "11": 1.615,
          "12": 1.738,
          "13": 2.254,
          "14": 2.249,
          "15": 2.146,
          "16": 1.817,
          "17": 1.365,
          "18": 1.022,
          "19": 0.476,
          "20": 0.0,
          "21": 0.0
        },
        "wbgt": {
          "10": 31.88,
          "11": 32.55,
          "12": 32.97,
          "13": 35.63,
          "14": 35.7,
          "15": 34.55,
          "16": 33.34,
          "17": 31.74,
          "18": 30.54,
          "19": 28.57,
          "20": 26.5,
          "21": 25.98
        },
        "shade_frac": {
          "10": 0.0,
          "11": 0.0,
          "12": 0.0,
          "13": 0.0,
          "14": 0.0,
          "15": 0.0,
          "16": 0.0,
          "17": 0.0,
          "18": 0.0,
          "19": 0.0,
          "20": 0.0,
          "21": 1.0
        },
        "fans": 7222,
        "svi": 0.2809,
        "canopy_pct": 0.0,
        "treatable": [
          "awning",
          "sail",
          "tree"
        ]
      }
    },
    {
      "type": "Feature",
      "geometry": {
        "type": "LineString",
        "coordinates": [
          [
            -95.41021471389848,
            29.68872212642453
          ],
          [
            -95.41021485987514,
            29.68854174684321
          ]
        ]
      },
      "properties": {
        "id": "fan_fest_site_path_36",
        "name": "Fan Fest site access path",
        "len_m": 20.0,
        "approach": "fan_fest",
        "degmin": {
          "10": 0.997,
          "11": 1.169,
          "12": 1.276,
          "13": 1.959,
          "14": 1.975,
          "15": 1.68,
          "16": 1.371,
          "17": 0.961,
          "18": 0.653,
          "19": 0.149,
          "20": 0.0,
          "21": 0.0
        },
        "degmin_lo": {
          "10": 0.53,
          "11": 0.708,
          "12": 0.827,
          "13": 1.432,
          "14": 1.447,
          "15": 1.182,
          "16": 0.903,
          "17": 0.521,
          "18": 0.239,
          "19": 0.0,
          "20": 0.0,
          "21": 0.0
        },
        "degmin_hi": {
          "10": 1.425,
          "11": 1.617,
          "12": 1.739,
          "13": 2.256,
          "14": 2.251,
          "15": 2.148,
          "16": 1.818,
          "17": 1.367,
          "18": 1.024,
          "19": 0.477,
          "20": 0.0,
          "21": 0.0
        },
        "wbgt": {
          "10": 31.89,
          "11": 32.56,
          "12": 32.98,
          "13": 35.64,
          "14": 35.7,
          "15": 34.55,
          "16": 33.35,
          "17": 31.75,
          "18": 30.55,
          "19": 28.58,
          "20": 26.5,
          "21": 25.98
        },
        "shade_frac": {
          "10": 0.0,
          "11": 0.0,
          "12": 0.0,
          "13": 0.0,
          "14": 0.0,
          "15": 0.0,
          "16": 0.0,
          "17": 0.0,
          "18": 0.0,
          "19": 0.0,
          "20": 0.0,
          "21": 1.0
        },
        "fans": 7222,
        "svi": 0.2809,
        "canopy_pct": 0.0,
        "treatable": [
          "awning",
          "sail",
          "tree"
        ]
      }
    },
    {
      "type": "Feature",
      "geometry": {
        "type": "LineString",
        "coordinates": [
          [
            -95.41021485987514,
            29.68854174684321
          ],
          [
            -95.41021500587506,
            29.688361367257446
          ]
        ]
      },
      "properties": {
        "id": "fan_fest_site_path_37",
        "name": "Fan Fest site access path",
        "len_m": 20.0,
        "approach": "fan_fest",
        "degmin": {
          "10": 0.998,
          "11": 1.17,
          "12": 1.277,
          "13": 1.959,
          "14": 1.976,
          "15": 1.681,
          "16": 1.372,
          "17": 0.962,
          "18": 0.653,
          "19": 0.149,
          "20": 0.0,
          "21": 0.0
        },
        "degmin_lo": {
          "10": 0.531,
          "11": 0.709,
          "12": 0.828,
          "13": 1.433,
          "14": 1.447,
          "15": 1.182,
          "16": 0.903,
          "17": 0.521,
          "18": 0.239,
          "19": 0.0,
          "20": 0.0,
          "21": 0.0
        },
        "degmin_hi": {
          "10": 1.425,
          "11": 1.618,
          "12": 1.74,
          "13": 2.256,
          "14": 2.252,
          "15": 2.148,
          "16": 1.819,
          "17": 1.367,
          "18": 1.024,
          "19": 0.478,
          "20": 0.0,
          "21": 0.0
        },
        "wbgt": {
          "10": 31.89,
          "11": 32.56,
          "12": 32.98,
          "13": 35.64,
          "14": 35.7,
          "15": 34.55,
          "16": 33.35,
          "17": 31.75,
          "18": 30.55,
          "19": 28.58,
          "20": 26.51,
          "21": 25.98
        },
        "shade_frac": {
          "10": 0.0,
          "11": 0.0,
          "12": 0.0,
          "13": 0.0,
          "14": 0.0,
          "15": 0.0,
          "16": 0.0,
          "17": 0.0,
          "18": 0.0,
          "19": 0.0,
          "20": 0.0,
          "21": 1.0
        },
        "fans": 7222,
        "svi": 0.2809,
        "canopy_pct": 0.0,
        "treatable": [
          "awning",
          "sail",
          "tree"
        ]
      }
    },
    {
      "type": "Feature",
      "geometry": {
        "type": "LineString",
        "coordinates": [
          [
            -95.41021500587506,
            29.688361367257446
          ],
          [
            -95.41021515189821,
            29.688180987667234
          ]
        ]
      },
      "properties": {
        "id": "fan_fest_site_path_38",
        "name": "Fan Fest site access path",
        "len_m": 20.0,
        "approach": "fan_fest",
        "degmin": {
          "10": 0.997,
          "11": 1.169,
          "12": 1.275,
          "13": 1.958,
          "14": 1.974,
          "15": 1.679,
          "16": 1.371,
          "17": 0.96,
          "18": 0.652,
          "19": 0.148,
          "20": 0.0,
          "21": 0.0
        },
        "degmin_lo": {
          "10": 0.53,
          "11": 0.708,
          "12": 0.826,
          "13": 1.432,
          "14": 1.446,
          "15": 1.181,
          "16": 0.902,
          "17": 0.52,
          "18": 0.238,
          "19": 0.0,
          "20": 0.0,
          "21": 0.0
        },
        "degmin_hi": {
          "10": 1.424,
          "11": 1.616,
          "12": 1.739,
          "13": 2.255,
          "14": 2.25,
          "15": 2.147,
          "16": 1.818,
          "17": 1.366,
          "18": 1.023,
          "19": 0.476,
          "20": 0.0,
          "21": 0.0
        },
        "wbgt": {
          "10": 31.89,
          "11": 32.56,
          "12": 32.97,
          "13": 35.64,
          "14": 35.7,
          "15": 34.55,
          "16": 33.35,
          "17": 31.75,
          "18": 30.54,
          "19": 28.58,
          "20": 26.5,
          "21": 25.98
        },
        "shade_frac": {
          "10": 0.0,
          "11": 0.0,
          "12": 0.0,
          "13": 0.0,
          "14": 0.0,
          "15": 0.0,
          "16": 0.0,
          "17": 0.0,
          "18": 0.0,
          "19": 0.0,
          "20": 0.0,
          "21": 1.0
        },
        "fans": 7222,
        "svi": 0.2809,
        "canopy_pct": 0.0,
        "treatable": [
          "awning",
          "sail",
          "tree"
        ]
      }
    },
    {
      "type": "Feature",
      "geometry": {
        "type": "LineString",
        "coordinates": [
          [
            -95.41021515189821,
            29.688180987667234
          ],
          [
            -95.41021529794462,
            29.68800060807258
          ]
        ]
      },
      "properties": {
        "id": "fan_fest_site_path_39",
        "name": "Fan Fest site access path",
        "len_m": 20.0,
        "approach": "fan_fest",
        "degmin": {
          "10": 0.993,
          "11": 1.165,
          "12": 1.271,
          "13": 1.954,
          "14": 1.97,
          "15": 1.675,
          "16": 1.367,
          "17": 0.956,
          "18": 0.648,
          "19": 0.144,
          "20": 0.0,
          "21": 0.0
        },
        "degmin_lo": {
          "10": 0.526,
          "11": 0.704,
          "12": 0.822,
          "13": 1.428,
          "14": 1.442,
          "15": 1.177,
          "16": 0.898,
          "17": 0.516,
          "18": 0.234,
          "19": 0.0,
          "20": 0.0,
          "21": 0.0
        },
        "degmin_hi": {
          "10": 1.42,
          "11": 1.612,
          "12": 1.735,
          "13": 2.251,
          "14": 2.246,
          "15": 2.143,
          "16": 1.814,
          "17": 1.362,
          "18": 1.019,
          "19": 0.472,
          "20": 0.0,
          "21": 0.0
        },
        "wbgt": {
          "10": 31.87,
          "11": 32.54,
          "12": 32.96,
          "13": 35.62,
          "14": 35.68,
          "15": 34.53,
          "16": 33.33,
          "17": 31.73,
          "18": 30.53,
          "19": 28.56,
          "20": 26.48,
          "21": 25.96
        },
        "shade_frac": {
          "10": 0.0,
          "11": 0.0,
          "12": 0.0,
          "13": 0.0,
          "14": 0.0,
          "15": 0.0,
          "16": 0.0,
          "17": 0.0,
          "18": 0.0,
          "19": 0.0,
          "20": 0.0,
          "21": 1.0
        },
        "fans": 7222,
        "svi": 0.2809,
        "canopy_pct": 0.0,
        "treatable": [
          "awning",
          "sail",
          "tree"
        ]
      }
    },
    {
      "type": "Feature",
      "geometry": {
        "type": "LineString",
        "coordinates": [
          [
            -95.41021529794462,
            29.68800060807258
          ],
          [
            -95.41021544401428,
            29.687820228473463
          ]
        ]
      },
      "properties": {
        "id": "fan_fest_site_path_40",
        "name": "Fan Fest site access path",
        "len_m": 20.0,
        "approach": "fan_fest",
        "degmin": {
          "10": 0.982,
          "11": 1.154,
          "12": 1.261,
          "13": 1.944,
          "14": 1.96,
          "15": 1.665,
          "16": 1.356,
          "17": 0.946,
          "18": 0.637,
          "19": 0.133,
          "20": 0.0,
          "21": 0.0
        },
        "degmin_lo": {
          "10": 0.515,
          "11": 0.693,
          "12": 0.812,
          "13": 1.417,
          "14": 1.431,
          "15": 1.167,
          "16": 0.887,
          "17": 0.505,
          "18": 0.223,
          "19": 0.0,
          "20": 0.0,
          "21": 0.0
        },
        "degmin_hi": {
          "10": 1.41,
          "11": 1.602,
          "12": 1.725,
          "13": 2.242,
          "14": 2.236,
          "15": 2.133,
          "16": 1.804,
          "17": 1.352,
          "18": 1.009,
          "19": 0.462,
          "20": 0.0,
          "21": 0.0
        },
        "wbgt": {
          "10": 31.83,
          "11": 32.5,
          "12": 32.92,
          "13": 35.58,
          "14": 35.64,
          "15": 34.49,
          "16": 33.29,
          "17": 31.69,
          "18": 30.48,
          "19": 28.52,
          "20": 26.44,
          "21": 25.92
        },
        "shade_frac": {
          "10": 0.0,
          "11": 0.0,
          "12": 0.0,
          "13": 0.0,
          "14": 0.0,
          "15": 0.0,
          "16": 0.0,
          "17": 0.0,
          "18": 0.0,
          "19": 0.0,
          "20": 0.0,
          "21": 1.0
        },
        "fans": 7222,
        "svi": 0.2809,
        "canopy_pct": 0.0,
        "treatable": [
          "awning",
          "sail",
          "tree"
        ]
      }
    },
    {
      "type": "Feature",
      "geometry": {
        "type": "LineString",
        "coordinates": [
          [
            -95.41021544401428,
            29.687820228473463
          ],
          [
            -95.4102155,
            29.687751100000003
          ],
          [
            -95.41034291198095,
            29.687750733263556
          ]
        ]
      },
      "properties": {
        "id": "fan_fest_site_path_41",
        "name": "Fan Fest site access path",
        "len_m": 20.0,
        "approach": "fan_fest",
        "degmin": {
          "10": 0.971,
          "11": 1.143,
          "12": 1.249,
          "13": 1.933,
          "14": 1.949,
          "15": 1.653,
          "16": 1.345,
          "17": 0.934,
          "18": 0.625,
          "19": 0.121,
          "20": 0.0,
          "21": 0.0
        },
        "degmin_lo": {
          "10": 0.503,
          "11": 0.681,
          "12": 0.8,
          "13": 1.406,
          "14": 1.42,
          "15": 1.155,
          "16": 0.875,
          "17": 0.493,
          "18": 0.211,
          "19": 0.0,
          "20": 0.0,
          "21": 0.0
        },
        "degmin_hi": {
          "10": 1.399,
          "11": 1.591,
          "12": 1.713,
          "13": 2.23,
          "14": 2.225,
          "15": 2.122,
          "16": 1.792,
          "17": 1.34,
          "18": 0.997,
          "19": 0.45,
          "20": 0.0,
          "21": 0.0
        },
        "wbgt": {
          "10": 31.79,
          "11": 32.46,
          "12": 32.87,
          "13": 35.54,
          "14": 35.6,
          "15": 34.45,
          "16": 33.24,
          "17": 31.64,
          "18": 30.44,
          "19": 28.47,
          "20": 26.39,
          "21": 25.87
        },
        "shade_frac": {
          "10": 0.0,
          "11": 0.0,
          "12": 0.0,
          "13": 0.0,
          "14": 0.0,
          "15": 0.0,
          "16": 0.0,
          "17": 0.0,
          "18": 0.0,
          "19": 0.0,
          "20": 0.0,
          "21": 1.0
        },
        "fans": 7222,
        "svi": 0.2809,
        "canopy_pct": 0.0,
        "treatable": [
          "awning",
          "sail",
          "tree"
        ]
      }
    },
    {
      "type": "Feature",
      "geometry": {
        "type": "LineString",
        "coordinates": [
          [
            -95.41034291198095,
            29.687750733263556
          ],
          [
            -95.4103892,
            29.687750600000008
          ],
          [
            -95.41054949397261,
            29.687750050743492
          ]
        ]
      },
      "properties": {
        "id": "fan_fest_site_path_42",
        "name": "Fan Fest site access path",
        "len_m": 20.0,
        "approach": "fan_fest",
        "degmin": {
          "10": 0.963,
          "11": 1.135,
          "12": 1.241,
          "13": 1.925,
          "14": 1.941,
          "15": 1.646,
          "16": 1.337,
          "17": 0.926,
          "18": 0.617,
          "19": 0.112,
          "20": 0.0,
          "21": 0.0
        },
        "degmin_lo": {
          "10": 0.495,
          "11": 0.673,
          "12": 0.791,
          "13": 1.398,
          "14": 1.412,
          "15": 1.147,
          "16": 0.867,
          "17": 0.485,
          "18": 0.202,
          "19": 0.0,
          "20": 0.0,
          "21": 0.0
        },
        "degmin_hi": {
          "10": 1.391,
          "11": 1.583,
          "12": 1.705,
          "13": 2.222,
          "14": 2.217,
          "15": 2.114,
          "16": 1.784,
          "17": 1.333,
          "18": 0.989,
          "19": 0.442,
          "20": 0.0,
          "21": 0.0
        },
        "wbgt": {
          "10": 31.75,
          "11": 32.43,
          "12": 32.84,
          "13": 35.51,
          "14": 35.57,
          "15": 34.42,
          "16": 33.21,
          "17": 31.61,
          "18": 30.41,
          "19": 28.44,
          "20": 26.36,
          "21": 25.84
        },
        "shade_frac": {
          "10": 0.0,
          "11": 0.0,
          "12": 0.0,
          "13": 0.0,
          "14": 0.0,
          "15": 0.0,
          "16": 0.0,
          "17": 0.0,
          "18": 0.0,
          "19": 0.0,
          "20": 0.0,
          "21": 1.0
        },
        "fans": 7222,
        "svi": 0.2809,
        "canopy_pct": 0.0,
        "treatable": [
          "awning",
          "sail",
          "tree"
        ]
      }
    },
    {
      "type": "Feature",
      "geometry": {
        "type": "LineString",
        "coordinates": [
          [
            -95.41054949397261,
            29.687750050743492
          ],
          [
            -95.4105643,
            29.687749999999994
          ],
          [
            -95.41075607594622,
            29.68774936828248
          ]
        ]
      },
      "properties": {
        "id": "fan_fest_site_path_43",
        "name": "Fan Fest site access path",
        "len_m": 20.0,
        "approach": "fan_fest",
        "degmin": {
          "10": 0.957,
          "11": 1.13,
          "12": 1.236,
          "13": 1.92,
          "14": 1.936,
          "15": 1.64,
          "16": 1.331,
          "17": 0.921,
          "18": 0.612,
          "19": 0.107,
          "20": 0.0,
          "21": 0.0
        },
        "degmin_lo": {
          "10": 0.489,
          "11": 0.667,
          "12": 0.786,
          "13": 1.393,
          "14": 1.407,
          "15": 1.141,
          "16": 0.862,
          "17": 0.479,
          "18": 0.197,
          "19": 0.0,
          "20": 0.0,
          "21": 0.0
        },
        "degmin_hi": {
          "10": 1.386,
          "11": 1.578,
          "12": 1.7,
          "13": 2.217,
          "14": 2.212,
          "15": 2.109,
          "16": 1.779,
          "17": 1.327,
          "18": 0.984,
          "19": 0.437,
          "20": 0.0,
          "21": 0.0
        },
        "wbgt": {
          "10": 31.73,
          "11": 32.41,
          "12": 32.82,
          "13": 35.49,
          "14": 35.55,
          "15": 34.4,
          "16": 33.19,
          "17": 31.59,
          "18": 30.39,
          "19": 28.42,
          "20": 26.34,
          "21": 25.81
        },
        "shade_frac": {
          "10": 0.0,
          "11": 0.0,
          "12": 0.0,
          "13": 0.0,
          "14": 0.0,
          "15": 0.0,
          "16": 0.0,
          "17": 0.0,
          "18": 0.0,
          "19": 0.0,
          "20": 0.0,
          "21": 1.0
        },
        "fans": 7222,
        "svi": 0.2809,
        "canopy_pct": 0.0,
        "treatable": [
          "awning",
          "sail",
          "tree"
        ]
      }
    },
    {
      "type": "Feature",
      "geometry": {
        "type": "LineString",
        "coordinates": [
          [
            -95.41075607594622,
            29.68774936828248
          ],
          [
            -95.4107768,
            29.687749299999997
          ],
          [
            -95.41081924751974,
            29.687591304914136
          ]
        ]
      },
      "properties": {
        "id": "fan_fest_site_path_44",
        "name": "Fan Fest site access path",
        "len_m": 20.0,
        "approach": "fan_fest",
        "degmin": {
          "10": 0.953,
          "11": 1.125,
          "12": 1.231,
          "13": 1.916,
          "14": 1.931,
          "15": 1.636,
          "16": 1.327,
          "17": 0.916,
          "18": 0.607,
          "19": 0.102,
          "20": 0.0,
          "21": 0.0
        },
        "degmin_lo": {
          "10": 0.484,
          "11": 0.662,
          "12": 0.781,
          "13": 1.388,
          "14": 1.402,
          "15": 1.137,
          "16": 0.857,
          "17": 0.475,
          "18": 0.192,
          "19": 0.0,
          "20": 0.0,
          "21": 0.0
        },
        "degmin_hi": {
          "10": 1.381,
          "11": 1.573,
          "12": 1.695,
          "13": 2.212,
          "14": 2.207,
          "15": 2.105,
          "16": 1.775,
          "17": 1.323,
          "18": 0.979,
          "19": 0.432,
          "20": 0.0,
          "21": 0.0
        },
        "wbgt": {
          "10": 31.71,
          "11": 32.39,
          "12": 32.8,
          "13": 35.47,
          "14": 35.53,
          "15": 34.38,
          "16": 33.17,
          "17": 31.57,
          "18": 30.37,
          "19": 28.4,
          "20": 26.32,
          "21": 25.8
        },
        "shade_frac": {
          "10": 0.0,
          "11": 0.0,
          "12": 0.0,
          "13": 0.0,
          "14": 0.0,
          "15": 0.0,
          "16": 0.0,
          "17": 0.0,
          "18": 0.0,
          "19": 0.0,
          "20": 0.0,
          "21": 1.0
        },
        "fans": 7222,
        "svi": 0.2809,
        "canopy_pct": 0.0,
        "treatable": [
          "awning",
          "sail",
          "tree"
        ]
      }
    },
    {
      "type": "Feature",
      "geometry": {
        "type": "LineString",
        "coordinates": [
          [
            -95.41081924751974,
            29.687591304914136
          ],
          [
            -95.4108369,
            29.687525599999994
          ],
          [
            -95.4108669,
            29.687478699999993
          ],
          [
            -95.41089992577497,
            29.687427030662235
          ]
        ]
      },
      "properties": {
        "id": "fan_fest_site_path_45",
        "name": "Fan Fest site access path",
        "len_m": 20.0,
        "approach": "fan_fest",
        "degmin": {
          "10": 0.947,
          "11": 1.119,
          "12": 1.225,
          "13": 1.91,
          "14": 1.926,
          "15": 1.63,
          "16": 1.321,
          "17": 0.91,
          "18": 0.601,
          "19": 0.096,
          "20": 0.0,
          "21": 0.0
        },
        "degmin_lo": {
          "10": 0.479,
          "11": 0.657,
          "12": 0.775,
          "13": 1.382,
          "14": 1.396,
          "15": 1.131,
          "16": 0.851,
          "17": 0.469,
          "18": 0.186,
          "19": 0.0,
          "20": 0.0,
          "21": 0.0
        },
        "degmin_hi": {
          "10": 1.375,
          "11": 1.568,
          "12": 1.69,
          "13": 2.207,
          "14": 2.202,
          "15": 2.099,
          "16": 1.769,
          "17": 1.317,
          "18": 0.974,
          "19": 0.426,
          "20": 0.0,
          "21": 0.0
        },
        "wbgt": {
          "10": 31.69,
          "11": 32.36,
          "12": 32.78,
          "13": 35.45,
          "14": 35.51,
          "15": 34.36,
          "16": 33.15,
          "17": 31.55,
          "18": 30.35,
          "19": 28.37,
          "20": 26.3,
          "21": 25.77
        },
        "shade_frac": {
          "10": 0.0,
          "11": 0.0,
          "12": 0.0,
          "13": 0.0,
          "14": 0.0,
          "15": 0.0,
          "16": 0.0,
          "17": 0.0,
          "18": 0.0,
          "19": 0.0,
          "20": 0.0,
          "21": 1.0
        },
        "fans": 7222,
        "svi": 0.2809,
        "canopy_pct": 0.0,
        "treatable": [
          "awning",
          "sail",
          "tree"
        ]
      }
    },
    {
      "type": "Feature",
      "geometry": {
        "type": "LineString",
        "coordinates": [
          [
            -95.41089992577497,
            29.687427030662235
          ],
          [
            -95.4109227,
            29.6873914
          ],
          [
            -95.41088735004358,
            29.687255280254444
          ]
        ]
      },
      "properties": {
        "id": "fan_fest_site_path_46",
        "name": "Fan Fest site access path",
        "len_m": 20.0,
        "approach": "fan_fest",
        "degmin": {
          "10": 0.943,
          "11": 1.116,
          "12": 1.222,
          "13": 1.907,
          "14": 1.922,
          "15": 1.627,
          "16": 1.318,
          "17": 0.907,
          "18": 0.598,
          "19": 0.092,
          "20": 0.0,
          "21": 0.0
        },
        "degmin_lo": {
          "10": 0.475,
          "11": 0.653,
          "12": 0.772,
          "13": 1.379,
          "14": 1.393,
          "15": 1.127,
          "16": 0.847,
          "17": 0.465,
          "18": 0.183,
          "19": 0.0,
          "20": 0.0,
          "21": 0.0
        },
        "degmin_hi": {
          "10": 1.372,
          "11": 1.564,
          "12": 1.686,
          "13": 2.204,
          "14": 2.198,
          "15": 2.096,
          "16": 1.766,
          "17": 1.314,
          "18": 0.97,
          "19": 0.422,
          "20": 0.0,
          "21": 0.0
        },
        "wbgt": {
          "10": 31.68,
          "11": 32.35,
          "12": 32.77,
          "13": 35.44,
          "14": 35.5,
          "15": 34.34,
          "16": 33.14,
          "17": 31.54,
          "18": 30.33,
          "19": 28.36,
          "20": 26.28,
          "21": 25.76
        },
        "shade_frac": {
          "10": 0.0,
          "11": 0.0,
          "12": 0.0,
          "13": 0.0,
          "14": 0.0,
          "15": 0.0,
          "16": 0.0,
          "17": 0.0,
          "18": 0.0,
          "19": 0.0,
          "20": 0.0,
          "21": 1.0
        },
        "fans": 7222,
        "svi": 0.2809,
        "canopy_pct": 0.0,
        "treatable": [
          "awning",
          "sail",
          "tree"
        ]
      }
    },
    {
      "type": "Feature",
      "geometry": {
        "type": "LineString",
        "coordinates": [
          [
            -95.41088735004358,
            29.687255280254444
          ],
          [
            -95.4108524,
            29.687120699999994
          ],
          [
            -95.41085206451967,
            29.687078318274313
          ]
        ]
      },
      "properties": {
        "id": "fan_fest_site_path_47",
        "name": "Fan Fest site access path",
        "len_m": 20.0,
        "approach": "fan_fest",
        "degmin": {
          "10": 0.941,
          "11": 1.113,
          "12": 1.219,
          "13": 1.904,
          "14": 1.92,
          "15": 1.624,
          "16": 1.315,
          "17": 0.904,
          "18": 0.595,
          "19": 0.09,
          "20": 0.0,
          "21": 0.0
        },
        "degmin_lo": {
          "10": 0.472,
          "11": 0.65,
          "12": 0.769,
          "13": 1.376,
          "14": 1.39,
          "15": 1.125,
          "16": 0.845,
          "17": 0.462,
          "18": 0.18,
          "19": 0.0,
          "20": 0.0,
          "21": 0.0
        },
        "degmin_hi": {
          "10": 1.369,
          "11": 1.562,
          "12": 1.684,
          "13": 2.201,
          "14": 2.196,
          "15": 2.093,
          "16": 1.763,
          "17": 1.311,
          "18": 0.967,
          "19": 0.42,
          "20": 0.0,
          "21": 0.0
        },
        "wbgt": {
          "10": 31.67,
          "11": 32.34,
          "12": 32.75,
          "13": 35.43,
          "14": 35.49,
          "15": 34.33,
          "16": 33.13,
          "17": 31.53,
          "18": 30.32,
          "19": 28.35,
          "20": 26.27,
          "21": 25.74
        },
        "shade_frac": {
          "10": 0.0,
          "11": 0.0,
          "12": 0.0,
          "13": 0.0,
          "14": 0.0,
          "15": 0.0,
          "16": 0.0,
          "17": 0.0,
          "18": 0.0,
          "19": 0.0,
          "20": 0.0,
          "21": 1.0
        },
        "fans": 7222,
        "svi": 0.2809,
        "canopy_pct": 0.0,
        "treatable": [
          "awning",
          "sail",
          "tree"
        ]
      }
    },
    {
      "type": "Feature",
      "geometry": {
        "type": "LineString",
        "coordinates": [
          [
            -95.41085206451967,
            29.687078318274313
          ],
          [
            -95.41085063674385,
            29.68689794297935
          ]
        ]
      },
      "properties": {
        "id": "fan_fest_site_path_48",
        "name": "Fan Fest site access path",
        "len_m": 20.0,
        "approach": "fan_fest",
        "degmin": {
          "10": 0.941,
          "11": 1.114,
          "12": 1.22,
          "13": 1.905,
          "14": 1.92,
          "15": 1.625,
          "16": 1.316,
          "17": 0.905,
          "18": 0.596,
          "19": 0.09,
          "20": 0.0,
          "21": 0.0
        },
        "degmin_lo": {
          "10": 0.473,
          "11": 0.651,
          "12": 0.77,
          "13": 1.377,
          "14": 1.391,
          "15": 1.125,
          "16": 0.845,
          "17": 0.463,
          "18": 0.181,
          "19": 0.0,
          "20": 0.0,
          "21": 0.0
        },
        "degmin_hi": {
          "10": 1.37,
          "11": 1.562,
          "12": 1.685,
          "13": 2.202,
          "14": 2.197,
          "15": 2.094,
          "16": 1.764,
          "17": 1.312,
          "18": 0.968,
          "19": 0.42,
          "20": 0.0,
          "21": 0.0
        },
        "wbgt": {
          "10": 31.67,
          "11": 32.34,
          "12": 32.76,
          "13": 35.43,
          "14": 35.49,
          "15": 34.34,
          "16": 33.13,
          "17": 31.53,
          "18": 30.32,
          "19": 28.35,
          "20": 26.27,
          "21": 25.75
        },
        "shade_frac": {
          "10": 0.0,
          "11": 0.0,
          "12": 0.0,
          "13": 0.0,
          "14": 0.0,
          "15": 0.0,
          "16": 0.0,
          "17": 0.0,
          "18": 0.0,
          "19": 0.0,
          "20": 0.0,
          "21": 1.0
        },
        "fans": 7222,
        "svi": 0.2809,
        "canopy_pct": 0.0,
        "treatable": [
          "awning",
          "sail",
          "tree"
        ]
      }
    },
    {
      "type": "Feature",
      "geometry": {
        "type": "LineString",
        "coordinates": [
          [
            -95.41085063674385,
            29.68689794297935
          ],
          [
            -95.41085,
            29.68681750000001
          ],
          [
            -95.41084865390319,
            29.686717572204998
          ]
        ]
      },
      "properties": {
        "id": "fan_fest_site_path_49",
        "name": "Fan Fest site access path",
        "len_m": 20.0,
        "approach": "fan_fest",
        "degmin": {
          "10": 0.945,
          "11": 1.117,
          "12": 1.223,
          "13": 1.908,
          "14": 1.924,
          "15": 1.628,
          "16": 1.319,
          "17": 0.908,
          "18": 0.599,
          "19": 0.094,
          "20": 0.0,
          "21": 0.0
        },
        "degmin_lo": {
          "10": 0.477,
          "11": 0.655,
          "12": 0.773,
          "13": 1.381,
          "14": 1.394,
          "15": 1.129,
          "16": 0.849,
          "17": 0.467,
          "18": 0.184,
          "19": 0.0,
          "20": 0.0,
          "21": 0.0
        },
        "degmin_hi": {
          "10": 1.373,
          "11": 1.566,
          "12": 1.688,
          "13": 2.205,
          "14": 2.2,
          "15": 2.097,
          "16": 1.767,
          "17": 1.315,
          "18": 0.971,
          "19": 0.424,
          "20": 0.0,
          "21": 0.0
        },
        "wbgt": {
          "10": 31.68,
          "11": 32.36,
          "12": 32.77,
          "13": 35.44,
          "14": 35.5,
          "15": 34.35,
          "16": 33.14,
          "17": 31.54,
          "18": 30.34,
          "19": 28.37,
          "20": 26.29,
          "21": 25.76
        },
        "shade_frac": {
          "10": 0.0,
          "11": 0.0,
          "12": 0.0,
          "13": 0.0,
          "14": 0.0,
          "15": 0.0,
          "16": 0.0,
          "17": 0.0,
          "18": 0.0,
          "19": 0.0,
          "20": 0.0,
          "21": 1.0
        },
        "fans": 7222,
        "svi": 0.2809,
        "canopy_pct": 0.0,
        "treatable": [
          "awning",
          "sail",
          "tree"
        ]
      }
    },
    {
      "type": "Feature",
      "geometry": {
        "type": "LineString",
        "coordinates": [
          [
            -95.41084865390319,
            29.686717572204998
          ],
          [
            -95.4108483,
            29.686691300000007
          ],
          [
            -95.410847,
            29.686598700000005
          ],
          [
            -95.41084500778148,
            29.686537225973762
          ]
        ]
      },
      "properties": {
        "id": "fan_fest_site_path_50",
        "name": "Fan Fest site access path",
        "len_m": 20.0,
        "approach": "fan_fest",
        "degmin": {
          "10": 0.949,
          "11": 1.121,
          "12": 1.227,
          "13": 1.912,
          "14": 1.928,
          "15": 1.632,
          "16": 1.323,
          "17": 0.912,
          "18": 0.603,
          "19": 0.098,
          "20": 0.0,
          "21": 0.0
        },
        "degmin_lo": {
          "10": 0.481,
          "11": 0.659,
          "12": 0.777,
          "13": 1.385,
          "14": 1.398,
          "15": 1.133,
          "16": 0.853,
          "17": 0.471,
          "18": 0.188,
          "19": 0.0,
          "20": 0.0,
          "21": 0.0
        },
        "degmin_hi": {
          "10": 1.377,
          "11": 1.57,
          "12": 1.692,
          "13": 2.209,
          "14": 2.204,
          "15": 2.101,
          "16": 1.771,
          "17": 1.319,
          "18": 0.975,
          "19": 0.428,
          "20": 0.0,
          "21": 0.0
        },
        "wbgt": {
          "10": 31.7,
          "11": 32.37,
          "12": 32.79,
          "13": 35.46,
          "14": 35.52,
          "15": 34.36,
          "16": 33.16,
          "17": 31.56,
          "18": 30.35,
          "19": 28.38,
          "20": 26.3,
          "21": 25.78
        },
        "shade_frac": {
          "10": 0.0,
          "11": 0.0,
          "12": 0.0,
          "13": 0.0,
          "14": 0.0,
          "15": 0.0,
          "16": 0.0,
          "17": 0.0,
          "18": 0.0,
          "19": 0.0,
          "20": 0.0,
          "21": 1.0
        },
        "fans": 7222,
        "svi": 0.2809,
        "canopy_pct": 0.0,
        "treatable": [
          "awning",
          "sail",
          "tree"
        ]
      }
    },
    {
      "type": "Feature",
      "geometry": {
        "type": "LineString",
        "coordinates": [
          [
            -95.41084500778148,
            29.686537225973762
          ],
          [
            -95.41084140000001,
            29.686425900000003
          ],
          [
            -95.41083917758804,
            29.686356918207363
          ]
        ]
      },
      "properties": {
        "id": "fan_fest_site_path_51",
        "name": "Fan Fest site access path",
        "len_m": 20.0,
        "approach": "fan_fest",
        "degmin": {
          "10": 0.952,
          "11": 1.124,
          "12": 1.23,
          "13": 1.915,
          "14": 1.931,
          "15": 1.635,
          "16": 1.326,
          "17": 0.915,
          "18": 0.606,
          "19": 0.101,
          "20": 0.0,
          "21": 0.0
        },
        "degmin_lo": {
          "10": 0.484,
          "11": 0.662,
          "12": 0.78,
          "13": 1.388,
          "14": 1.401,
          "15": 1.136,
          "16": 0.856,
          "17": 0.474,
          "18": 0.191,
          "19": 0.0,
          "20": 0.0,
          "21": 0.0
        },
        "degmin_hi": {
          "10": 1.38,
          "11": 1.573,
          "12": 1.695,
          "13": 2.212,
          "14": 2.207,
          "15": 2.104,
          "16": 1.774,
          "17": 1.322,
          "18": 0.978,
          "19": 0.431,
          "20": 0.0,
          "21": 0.0
        },
        "wbgt": {
          "10": 31.71,
          "11": 32.38,
          "12": 32.8,
          "13": 35.47,
          "14": 35.53,
          "15": 34.38,
          "16": 33.17,
          "17": 31.57,
          "18": 30.36,
          "19": 28.39,
          "20": 26.31,
          "21": 25.79
        },
        "shade_frac": {
          "10": 0.0,
          "11": 0.0,
          "12": 0.0,
          "13": 0.0,
          "14": 0.0,
          "15": 0.0,
          "16": 0.0,
          "17": 0.0,
          "18": 0.0,
          "19": 0.0,
          "20": 0.0,
          "21": 1.0
        },
        "fans": 7222,
        "svi": 0.2809,
        "canopy_pct": 0.0,
        "treatable": [
          "awning",
          "sail",
          "tree"
        ]
      }
    },
    {
      "type": "Feature",
      "geometry": {
        "type": "LineString",
        "coordinates": [
          [
            -95.41083917758804,
            29.686356918207363
          ],
          [
            -95.4108363,
            29.6862676
          ]
        ]
      },
      "properties": {
        "id": "fan_fest_site_path_52",
        "name": "Fan Fest site access path",
        "len_m": 9.9,
        "approach": "fan_fest",
        "degmin": {
          "10": 0.472,
          "11": 0.558,
          "12": 0.61,
          "13": 0.95,
          "14": 0.957,
          "15": 0.811,
          "16": 0.658,
          "17": 0.454,
          "18": 0.301,
          "19": 0.051,
          "20": 0.0,
          "21": 0.0
        },
        "degmin_lo": {
          "10": 0.24,
          "11": 0.329,
          "12": 0.387,
          "13": 0.688,
          "14": 0.695,
          "15": 0.564,
          "16": 0.425,
          "17": 0.236,
          "18": 0.096,
          "19": 0.0,
          "20": 0.0,
          "21": 0.0
        },
        "degmin_hi": {
          "10": 0.685,
          "11": 0.78,
          "12": 0.84,
          "13": 1.097,
          "14": 1.094,
          "15": 1.043,
          "16": 0.88,
          "17": 0.656,
          "18": 0.485,
          "19": 0.214,
          "20": 0.0,
          "21": 0.0
        },
        "wbgt": {
          "10": 31.72,
          "11": 32.39,
          "12": 32.8,
          "13": 35.48,
          "14": 35.54,
          "15": 34.38,
          "16": 33.18,
          "17": 31.58,
          "18": 30.37,
          "19": 28.4,
          "20": 26.32,
          "21": 25.8
        },
        "shade_frac": {
          "10": 0.0,
          "11": 0.0,
          "12": 0.0,
          "13": 0.0,
          "14": 0.0,
          "15": 0.0,
          "16": 0.0,
          "17": 0.0,
          "18": 0.0,
          "19": 0.0,
          "20": 0.0,
          "21": 1.0
        },
        "fans": 7222,
        "svi": 0.2809,
        "canopy_pct": 0.0,
        "treatable": [
          "awning",
          "sail",
          "tree"
        ]
      }
    }
  ]
}